item_id,location_id,period,quantity
ITM0001,LOC006,2026-01,139
ITM0001,LOC006,2026-02,264
ITM0001,LOC006,2026-03,274
ITM0001,LOC006,2026-04,356
ITM0001,LOC006,2026-05,486
ITM0001,LOC006,2026-06,72
ITM0001,LOC006,2026-07,189
ITM0001,LOC006,2026-08,137
ITM0001,LOC006,2026-09,66
ITM0001,LOC006,2026-10,365
ITM0001,LOC006,2026-11,473
ITM0001,LOC006,2026-12,246
ITM0001,LOC009,2026-01,187
ITM0001,LOC009,2026-02,256
ITM0001,LOC009,2026-03,191
ITM0001,LOC009,2026-04,384
ITM0001,LOC009,2026-05,236
ITM0001,LOC009,2026-06,345
ITM0001,LOC009,2026-07,428
ITM0001,LOC009,2026-08,287
ITM0001,LOC009,2026-09,425
ITM0001,LOC009,2026-10,403
ITM0001,LOC009,2026-11,424
ITM0001,LOC009,2026-12,393
ITM0001,LOC010,2026-01,15
ITM0001,LOC010,2026-02,233
ITM0001,LOC010,2026-03,265
ITM0001,LOC010,2026-04,269
ITM0001,LOC010,2026-05,330
ITM0001,LOC010,2026-06,412
ITM0001,LOC010,2026-07,101
ITM0001,LOC010,2026-08,76
ITM0001,LOC010,2026-09,191
ITM0001,LOC010,2026-10,218
ITM0001,LOC010,2026-11,403
ITM0001,LOC010,2026-12,392
ITM0001,LOC001,2026-01,435
ITM0001,LOC001,2026-02,280
ITM0001,LOC001,2026-03,274
ITM0001,LOC001,2026-04,361
ITM0001,LOC001,2026-05,299
ITM0001,LOC001,2026-06,102
ITM0001,LOC001,2026-07,117
ITM0001,LOC001,2026-08,324
ITM0001,LOC001,2026-09,219
ITM0001,LOC001,2026-10,291
ITM0001,LOC001,2026-11,408
ITM0001,LOC001,2026-12,266
ITM0001,LOC003,2026-01,202
ITM0001,LOC003,2026-02,52
ITM0001,LOC003,2026-03,305
ITM0001,LOC003,2026-04,199
ITM0001,LOC003,2026-05,267
ITM0001,LOC003,2026-06,259
ITM0001,LOC003,2026-07,381
ITM0001,LOC003,2026-08,180
ITM0001,LOC003,2026-09,394
ITM0001,LOC003,2026-10,238
ITM0001,LOC003,2026-11,325
ITM0001,LOC003,2026-12,447
ITM0001,LOC007,2026-01,129
ITM0001,LOC007,2026-02,297
ITM0001,LOC007,2026-03,139
ITM0001,LOC007,2026-04,161
ITM0001,LOC007,2026-05,304
ITM0001,LOC007,2026-06,221
ITM0001,LOC007,2026-07,308
ITM0001,LOC007,2026-08,421
ITM0001,LOC007,2026-09,326
ITM0001,LOC007,2026-10,224
ITM0001,LOC007,2026-11,105
ITM0001,LOC007,2026-12,308
ITM0002,LOC001,2026-01,212
ITM0002,LOC001,2026-02,232
ITM0002,LOC001,2026-03,369
ITM0002,LOC001,2026-04,120
ITM0002,LOC001,2026-05,109
ITM0002,LOC001,2026-06,563
ITM0002,LOC001,2026-07,348
ITM0002,LOC001,2026-08,327
ITM0002,LOC001,2026-09,192
ITM0002,LOC001,2026-10,320
ITM0002,LOC001,2026-11,0
ITM0002,LOC001,2026-12,337
ITM0002,LOC009,2026-01,294
ITM0002,LOC009,2026-02,295
ITM0002,LOC009,2026-03,392
ITM0002,LOC009,2026-04,240
ITM0002,LOC009,2026-05,158
ITM0002,LOC009,2026-06,121
ITM0002,LOC009,2026-07,386
ITM0002,LOC009,2026-08,381
ITM0002,LOC009,2026-09,280
ITM0002,LOC009,2026-10,222
ITM0002,LOC009,2026-11,398
ITM0002,LOC009,2026-12,217
ITM0002,LOC016,2026-01,266
ITM0002,LOC016,2026-02,261
ITM0002,LOC016,2026-03,481
ITM0002,LOC016,2026-04,236
ITM0002,LOC016,2026-05,107
ITM0002,LOC016,2026-06,345
ITM0002,LOC016,2026-07,360
ITM0002,LOC016,2026-08,335
ITM0002,LOC016,2026-09,328
ITM0002,LOC016,2026-10,298
ITM0002,LOC016,2026-11,186
ITM0002,LOC016,2026-12,227
ITM0002,LOC005,2026-01,207
ITM0002,LOC005,2026-02,163
ITM0002,LOC005,2026-03,187
ITM0002,LOC005,2026-04,222
ITM0002,LOC005,2026-05,364
ITM0002,LOC005,2026-06,273
ITM0002,LOC005,2026-07,276
ITM0002,LOC005,2026-08,292
ITM0002,LOC005,2026-09,358
ITM0002,LOC005,2026-10,116
ITM0002,LOC005,2026-11,459
ITM0002,LOC005,2026-12,420
ITM0002,LOC004,2026-01,525
ITM0002,LOC004,2026-02,570
ITM0002,LOC004,2026-03,383
ITM0002,LOC004,2026-04,529
ITM0002,LOC004,2026-05,381
ITM0002,LOC004,2026-06,314
ITM0002,LOC004,2026-07,96
ITM0002,LOC004,2026-08,298
ITM0002,LOC004,2026-09,230
ITM0002,LOC004,2026-10,433
ITM0002,LOC004,2026-11,321
ITM0002,LOC004,2026-12,263
ITM0002,LOC012,2026-01,283
ITM0002,LOC012,2026-02,44
ITM0002,LOC012,2026-03,184
ITM0002,LOC012,2026-04,112
ITM0002,LOC012,2026-05,76
ITM0002,LOC012,2026-06,276
ITM0002,LOC012,2026-07,345
ITM0002,LOC012,2026-08,255
ITM0002,LOC012,2026-09,382
ITM0002,LOC012,2026-10,417
ITM0002,LOC012,2026-11,444
ITM0002,LOC012,2026-12,151
ITM0003,LOC001,2026-01,276
ITM0003,LOC001,2026-02,148
ITM0003,LOC001,2026-03,233
ITM0003,LOC001,2026-04,428
ITM0003,LOC001,2026-05,102
ITM0003,LOC001,2026-06,228
ITM0003,LOC001,2026-07,420
ITM0003,LOC001,2026-08,395
ITM0003,LOC001,2026-09,300
ITM0003,LOC001,2026-10,396
ITM0003,LOC001,2026-11,319
ITM0003,LOC001,2026-12,158
ITM0003,LOC005,2026-01,112
ITM0003,LOC005,2026-02,223
ITM0003,LOC005,2026-03,410
ITM0003,LOC005,2026-04,232
ITM0003,LOC005,2026-05,191
ITM0003,LOC005,2026-06,207
ITM0003,LOC005,2026-07,116
ITM0003,LOC005,2026-08,285
ITM0003,LOC005,2026-09,158
ITM0003,LOC005,2026-10,343
ITM0003,LOC005,2026-11,16
ITM0003,LOC005,2026-12,339
ITM0003,LOC006,2026-01,223
ITM0003,LOC006,2026-02,66
ITM0003,LOC006,2026-03,386
ITM0003,LOC006,2026-04,266
ITM0003,LOC006,2026-05,32
ITM0003,LOC006,2026-06,194
ITM0003,LOC006,2026-07,334
ITM0003,LOC006,2026-08,244
ITM0003,LOC006,2026-09,393
ITM0003,LOC006,2026-10,389
ITM0003,LOC006,2026-11,379
ITM0003,LOC006,2026-12,339
ITM0003,LOC003,2026-01,460
ITM0003,LOC003,2026-02,379
ITM0003,LOC003,2026-03,354
ITM0003,LOC003,2026-04,49
ITM0003,LOC003,2026-05,407
ITM0003,LOC003,2026-06,457
ITM0003,LOC003,2026-07,264
ITM0003,LOC003,2026-08,243
ITM0003,LOC003,2026-09,532
ITM0003,LOC003,2026-10,89
ITM0003,LOC003,2026-11,356
ITM0003,LOC003,2026-12,590
ITM0003,LOC008,2026-01,188
ITM0003,LOC008,2026-02,382
ITM0003,LOC008,2026-03,526
ITM0003,LOC008,2026-04,285
ITM0003,LOC008,2026-05,367
ITM0003,LOC008,2026-06,408
ITM0003,LOC008,2026-07,191
ITM0003,LOC008,2026-08,289
ITM0003,LOC008,2026-09,335
ITM0003,LOC008,2026-10,399
ITM0003,LOC008,2026-11,295
ITM0003,LOC008,2026-12,276
ITM0003,LOC010,2026-01,178
ITM0003,LOC010,2026-02,256
ITM0003,LOC010,2026-03,407
ITM0003,LOC010,2026-04,312
ITM0003,LOC010,2026-05,197
ITM0003,LOC010,2026-06,199
ITM0003,LOC010,2026-07,620
ITM0003,LOC010,2026-08,436
ITM0003,LOC010,2026-09,376
ITM0003,LOC010,2026-10,0
ITM0003,LOC010,2026-11,374
ITM0003,LOC010,2026-12,357
ITM0004,LOC002,2026-01,405
ITM0004,LOC002,2026-02,153
ITM0004,LOC002,2026-03,415
ITM0004,LOC002,2026-04,259
ITM0004,LOC002,2026-05,159
ITM0004,LOC002,2026-06,267
ITM0004,LOC002,2026-07,193
ITM0004,LOC002,2026-08,303
ITM0004,LOC002,2026-09,260
ITM0004,LOC002,2026-10,511
ITM0004,LOC002,2026-11,403
ITM0004,LOC002,2026-12,532
ITM0004,LOC006,2026-01,297
ITM0004,LOC006,2026-02,321
ITM0004,LOC006,2026-03,379
ITM0004,LOC006,2026-04,349
ITM0004,LOC006,2026-05,233
ITM0004,LOC006,2026-06,246
ITM0004,LOC006,2026-07,294
ITM0004,LOC006,2026-08,360
ITM0004,LOC006,2026-09,684
ITM0004,LOC006,2026-10,327
ITM0004,LOC006,2026-11,68
ITM0004,LOC006,2026-12,431
ITM0004,LOC009,2026-01,274
ITM0004,LOC009,2026-02,275
ITM0004,LOC009,2026-03,228
ITM0004,LOC009,2026-04,26
ITM0004,LOC009,2026-05,391
ITM0004,LOC009,2026-06,282
ITM0004,LOC009,2026-07,416
ITM0004,LOC009,2026-08,552
ITM0004,LOC009,2026-09,198
ITM0004,LOC009,2026-10,193
ITM0004,LOC009,2026-11,335
ITM0004,LOC009,2026-12,425
ITM0004,LOC013,2026-01,255
ITM0004,LOC013,2026-02,215
ITM0004,LOC013,2026-03,428
ITM0004,LOC013,2026-04,0
ITM0004,LOC013,2026-05,322
ITM0004,LOC013,2026-06,305
ITM0004,LOC013,2026-07,0
ITM0004,LOC013,2026-08,288
ITM0004,LOC013,2026-09,210
ITM0004,LOC013,2026-10,291
ITM0004,LOC013,2026-11,133
ITM0004,LOC013,2026-12,357
ITM0004,LOC003,2026-01,196
ITM0004,LOC003,2026-02,158
ITM0004,LOC003,2026-03,58
ITM0004,LOC003,2026-04,228
ITM0004,LOC003,2026-05,401
ITM0004,LOC003,2026-06,280
ITM0004,LOC003,2026-07,318
ITM0004,LOC003,2026-08,384
ITM0004,LOC003,2026-09,378
ITM0004,LOC003,2026-10,535
ITM0004,LOC003,2026-11,291
ITM0004,LOC003,2026-12,234
ITM0004,LOC007,2026-01,639
ITM0004,LOC007,2026-02,277
ITM0004,LOC007,2026-03,310
ITM0004,LOC007,2026-04,282
ITM0004,LOC007,2026-05,125
ITM0004,LOC007,2026-06,124
ITM0004,LOC007,2026-07,263
ITM0004,LOC007,2026-08,317
ITM0004,LOC007,2026-09,240
ITM0004,LOC007,2026-10,198
ITM0004,LOC007,2026-11,0
ITM0004,LOC007,2026-12,288
ITM0005,LOC008,2026-01,298
ITM0005,LOC008,2026-02,310
ITM0005,LOC008,2026-03,229
ITM0005,LOC008,2026-04,380
ITM0005,LOC008,2026-05,405
ITM0005,LOC008,2026-06,289
ITM0005,LOC008,2026-07,542
ITM0005,LOC008,2026-08,353
ITM0005,LOC008,2026-09,315
ITM0005,LOC008,2026-10,374
ITM0005,LOC008,2026-11,274
ITM0005,LOC008,2026-12,343
ITM0005,LOC010,2026-01,268
ITM0005,LOC010,2026-02,472
ITM0005,LOC010,2026-03,302
ITM0005,LOC010,2026-04,507
ITM0005,LOC010,2026-05,486
ITM0005,LOC010,2026-06,419
ITM0005,LOC010,2026-07,398
ITM0005,LOC010,2026-08,425
ITM0005,LOC010,2026-09,220
ITM0005,LOC010,2026-10,362
ITM0005,LOC010,2026-11,265
ITM0005,LOC010,2026-12,263
ITM0005,LOC002,2026-01,526
ITM0005,LOC002,2026-02,238
ITM0005,LOC002,2026-03,442
ITM0005,LOC002,2026-04,509
ITM0005,LOC002,2026-05,334
ITM0005,LOC002,2026-06,141
ITM0005,LOC002,2026-07,317
ITM0005,LOC002,2026-08,109
ITM0005,LOC002,2026-09,201
ITM0005,LOC002,2026-10,303
ITM0005,LOC002,2026-11,250
ITM0005,LOC002,2026-12,254
ITM0005,LOC018,2026-01,386
ITM0005,LOC018,2026-02,130
ITM0005,LOC018,2026-03,173
ITM0005,LOC018,2026-04,289
ITM0005,LOC018,2026-05,256
ITM0005,LOC018,2026-06,164
ITM0005,LOC018,2026-07,469
ITM0005,LOC018,2026-08,192
ITM0005,LOC018,2026-09,100
ITM0005,LOC018,2026-10,208
ITM0005,LOC018,2026-11,481
ITM0005,LOC018,2026-12,318
ITM0005,LOC003,2026-01,356
ITM0005,LOC003,2026-02,119
ITM0005,LOC003,2026-03,465
ITM0005,LOC003,2026-04,253
ITM0005,LOC003,2026-05,330
ITM0005,LOC003,2026-06,317
ITM0005,LOC003,2026-07,102
ITM0005,LOC003,2026-08,69
ITM0005,LOC003,2026-09,206
ITM0005,LOC003,2026-10,392
ITM0005,LOC003,2026-11,322
ITM0005,LOC003,2026-12,307
ITM0005,LOC014,2026-01,211
ITM0005,LOC014,2026-02,282
ITM0005,LOC014,2026-03,288
ITM0005,LOC014,2026-04,432
ITM0005,LOC014,2026-05,552
ITM0005,LOC014,2026-06,418
ITM0005,LOC014,2026-07,342
ITM0005,LOC014,2026-08,268
ITM0005,LOC014,2026-09,104
ITM0005,LOC014,2026-10,267
ITM0005,LOC014,2026-11,84
ITM0005,LOC014,2026-12,335
ITM0006,LOC009,2026-01,438
ITM0006,LOC009,2026-02,278
ITM0006,LOC009,2026-03,198
ITM0006,LOC009,2026-04,392
ITM0006,LOC009,2026-05,217
ITM0006,LOC009,2026-06,112
ITM0006,LOC009,2026-07,172
ITM0006,LOC009,2026-08,184
ITM0006,LOC009,2026-09,359
ITM0006,LOC009,2026-10,331
ITM0006,LOC009,2026-11,295
ITM0006,LOC009,2026-12,497
ITM0006,LOC008,2026-01,247
ITM0006,LOC008,2026-02,446
ITM0006,LOC008,2026-03,342
ITM0006,LOC008,2026-04,303
ITM0006,LOC008,2026-05,278
ITM0006,LOC008,2026-06,477
ITM0006,LOC008,2026-07,236
ITM0006,LOC008,2026-08,131
ITM0006,LOC008,2026-09,263
ITM0006,LOC008,2026-10,439
ITM0006,LOC008,2026-11,168
ITM0006,LOC008,2026-12,329
ITM0006,LOC007,2026-01,486
ITM0006,LOC007,2026-02,472
ITM0006,LOC007,2026-03,404
ITM0006,LOC007,2026-04,615
ITM0006,LOC007,2026-05,320
ITM0006,LOC007,2026-06,291
ITM0006,LOC007,2026-07,85
ITM0006,LOC007,2026-08,356
ITM0006,LOC007,2026-09,428
ITM0006,LOC007,2026-10,273
ITM0006,LOC007,2026-11,290
ITM0006,LOC007,2026-12,381
ITM0006,LOC004,2026-01,377
ITM0006,LOC004,2026-02,272
ITM0006,LOC004,2026-03,242
ITM0006,LOC004,2026-04,267
ITM0006,LOC004,2026-05,6
ITM0006,LOC004,2026-06,255
ITM0006,LOC004,2026-07,449
ITM0006,LOC004,2026-08,464
ITM0006,LOC004,2026-09,49
ITM0006,LOC004,2026-10,286
ITM0006,LOC004,2026-11,274
ITM0006,LOC004,2026-12,216
ITM0006,LOC012,2026-01,410
ITM0006,LOC012,2026-02,217
ITM0006,LOC012,2026-03,310
ITM0006,LOC012,2026-04,301
ITM0006,LOC012,2026-05,168
ITM0006,LOC012,2026-06,306
ITM0006,LOC012,2026-07,278
ITM0006,LOC012,2026-08,362
ITM0006,LOC012,2026-09,241
ITM0006,LOC012,2026-10,386
ITM0006,LOC012,2026-11,303
ITM0006,LOC012,2026-12,294
ITM0006,LOC011,2026-01,301
ITM0006,LOC011,2026-02,70
ITM0006,LOC011,2026-03,499
ITM0006,LOC011,2026-04,487
ITM0006,LOC011,2026-05,240
ITM0006,LOC011,2026-06,48
ITM0006,LOC011,2026-07,271
ITM0006,LOC011,2026-08,412
ITM0006,LOC011,2026-09,0
ITM0006,LOC011,2026-10,574
ITM0006,LOC011,2026-11,203
ITM0006,LOC011,2026-12,239
ITM0007,LOC014,2026-01,349
ITM0007,LOC014,2026-02,215
ITM0007,LOC014,2026-03,383
ITM0007,LOC014,2026-04,264
ITM0007,LOC014,2026-05,285
ITM0007,LOC014,2026-06,442
ITM0007,LOC014,2026-07,342
ITM0007,LOC014,2026-08,407
ITM0007,LOC014,2026-09,539
ITM0007,LOC014,2026-10,232
ITM0007,LOC014,2026-11,364
ITM0007,LOC014,2026-12,143
ITM0007,LOC009,2026-01,544
ITM0007,LOC009,2026-02,152
ITM0007,LOC009,2026-03,117
ITM0007,LOC009,2026-04,241
ITM0007,LOC009,2026-05,485
ITM0007,LOC009,2026-06,359
ITM0007,LOC009,2026-07,108
ITM0007,LOC009,2026-08,360
ITM0007,LOC009,2026-09,239
ITM0007,LOC009,2026-10,222
ITM0007,LOC009,2026-11,561
ITM0007,LOC009,2026-12,383
ITM0007,LOC002,2026-01,394
ITM0007,LOC002,2026-02,397
ITM0007,LOC002,2026-03,243
ITM0007,LOC002,2026-04,383
ITM0007,LOC002,2026-05,277
ITM0007,LOC002,2026-06,0
ITM0007,LOC002,2026-07,288
ITM0007,LOC002,2026-08,474
ITM0007,LOC002,2026-09,251
ITM0007,LOC002,2026-10,445
ITM0007,LOC002,2026-11,242
ITM0007,LOC002,2026-12,344
ITM0007,LOC005,2026-01,343
ITM0007,LOC005,2026-02,369
ITM0007,LOC005,2026-03,416
ITM0007,LOC005,2026-04,221
ITM0007,LOC005,2026-05,348
ITM0007,LOC005,2026-06,556
ITM0007,LOC005,2026-07,431
ITM0007,LOC005,2026-08,297
ITM0007,LOC005,2026-09,350
ITM0007,LOC005,2026-10,360
ITM0007,LOC005,2026-11,392
ITM0007,LOC005,2026-12,359
ITM0007,LOC016,2026-01,374
ITM0007,LOC016,2026-02,348
ITM0007,LOC016,2026-03,291
ITM0007,LOC016,2026-04,455
ITM0007,LOC016,2026-05,451
ITM0007,LOC016,2026-06,170
ITM0007,LOC016,2026-07,194
ITM0007,LOC016,2026-08,364
ITM0007,LOC016,2026-09,184
ITM0007,LOC016,2026-10,282
ITM0007,LOC016,2026-11,277
ITM0007,LOC016,2026-12,336
ITM0007,LOC001,2026-01,245
ITM0007,LOC001,2026-02,609
ITM0007,LOC001,2026-03,399
ITM0007,LOC001,2026-04,400
ITM0007,LOC001,2026-05,135
ITM0007,LOC001,2026-06,126
ITM0007,LOC001,2026-07,320
ITM0007,LOC001,2026-08,393
ITM0007,LOC001,2026-09,301
ITM0007,LOC001,2026-10,421
ITM0007,LOC001,2026-11,19
ITM0007,LOC001,2026-12,399
ITM0008,LOC001,2026-01,407
ITM0008,LOC001,2026-02,217
ITM0008,LOC001,2026-03,298
ITM0008,LOC001,2026-04,298
ITM0008,LOC001,2026-05,86
ITM0008,LOC001,2026-06,472
ITM0008,LOC001,2026-07,407
ITM0008,LOC001,2026-08,90
ITM0008,LOC001,2026-09,389
ITM0008,LOC001,2026-10,284
ITM0008,LOC001,2026-11,353
ITM0008,LOC001,2026-12,343
ITM0008,LOC005,2026-01,120
ITM0008,LOC005,2026-02,274
ITM0008,LOC005,2026-03,479
ITM0008,LOC005,2026-04,231
ITM0008,LOC005,2026-05,177
ITM0008,LOC005,2026-06,136
ITM0008,LOC005,2026-07,153
ITM0008,LOC005,2026-08,340
ITM0008,LOC005,2026-09,503
ITM0008,LOC005,2026-10,351
ITM0008,LOC005,2026-11,329
ITM0008,LOC005,2026-12,568
ITM0008,LOC002,2026-01,237
ITM0008,LOC002,2026-02,219
ITM0008,LOC002,2026-03,363
ITM0008,LOC002,2026-04,365
ITM0008,LOC002,2026-05,178
ITM0008,LOC002,2026-06,159
ITM0008,LOC002,2026-07,334
ITM0008,LOC002,2026-08,329
ITM0008,LOC002,2026-09,143
ITM0008,LOC002,2026-10,275
ITM0008,LOC002,2026-11,234
ITM0008,LOC002,2026-12,355
ITM0008,LOC007,2026-01,285
ITM0008,LOC007,2026-02,289
ITM0008,LOC007,2026-03,257
ITM0008,LOC007,2026-04,426
ITM0008,LOC007,2026-05,466
ITM0008,LOC007,2026-06,255
ITM0008,LOC007,2026-07,401
ITM0008,LOC007,2026-08,209
ITM0008,LOC007,2026-09,308
ITM0008,LOC007,2026-10,389
ITM0008,LOC007,2026-11,481
ITM0008,LOC007,2026-12,254
ITM0008,LOC012,2026-01,291
ITM0008,LOC012,2026-02,323
ITM0008,LOC012,2026-03,120
ITM0008,LOC012,2026-04,301
ITM0008,LOC012,2026-05,218
ITM0008,LOC012,2026-06,344
ITM0008,LOC012,2026-07,164
ITM0008,LOC012,2026-08,62
ITM0008,LOC012,2026-09,304
ITM0008,LOC012,2026-10,331
ITM0008,LOC012,2026-11,234
ITM0008,LOC012,2026-12,406
ITM0008,LOC013,2026-01,267
ITM0008,LOC013,2026-02,227
ITM0008,LOC013,2026-03,357
ITM0008,LOC013,2026-04,111
ITM0008,LOC013,2026-05,218
ITM0008,LOC013,2026-06,297
ITM0008,LOC013,2026-07,401
ITM0008,LOC013,2026-08,280
ITM0008,LOC013,2026-09,337
ITM0008,LOC013,2026-10,221
ITM0008,LOC013,2026-11,336
ITM0008,LOC013,2026-12,499
ITM0009,LOC010,2026-01,37
ITM0009,LOC010,2026-02,324
ITM0009,LOC010,2026-03,451
ITM0009,LOC010,2026-04,355
ITM0009,LOC010,2026-05,335
ITM0009,LOC010,2026-06,281
ITM0009,LOC010,2026-07,459
ITM0009,LOC010,2026-08,323
ITM0009,LOC010,2026-09,137
ITM0009,LOC010,2026-10,395
ITM0009,LOC010,2026-11,352
ITM0009,LOC010,2026-12,420
ITM0009,LOC004,2026-01,275
ITM0009,LOC004,2026-02,198
ITM0009,LOC004,2026-03,336
ITM0009,LOC004,2026-04,331
ITM0009,LOC004,2026-05,339
ITM0009,LOC004,2026-06,367
ITM0009,LOC004,2026-07,215
ITM0009,LOC004,2026-08,180
ITM0009,LOC004,2026-09,198
ITM0009,LOC004,2026-10,320
ITM0009,LOC004,2026-11,264
ITM0009,LOC004,2026-12,73
ITM0009,LOC016,2026-01,429
ITM0009,LOC016,2026-02,287
ITM0009,LOC016,2026-03,337
ITM0009,LOC016,2026-04,330
ITM0009,LOC016,2026-05,409
ITM0009,LOC016,2026-06,360
ITM0009,LOC016,2026-07,415
ITM0009,LOC016,2026-08,198
ITM0009,LOC016,2026-09,306
ITM0009,LOC016,2026-10,182
ITM0009,LOC016,2026-11,312
ITM0009,LOC016,2026-12,197
ITM0009,LOC018,2026-01,317
ITM0009,LOC018,2026-02,251
ITM0009,LOC018,2026-03,278
ITM0009,LOC018,2026-04,223
ITM0009,LOC018,2026-05,173
ITM0009,LOC018,2026-06,266
ITM0009,LOC018,2026-07,212
ITM0009,LOC018,2026-08,475
ITM0009,LOC018,2026-09,132
ITM0009,LOC018,2026-10,327
ITM0009,LOC018,2026-11,302
ITM0009,LOC018,2026-12,468
ITM0009,LOC003,2026-01,203
ITM0009,LOC003,2026-02,365
ITM0009,LOC003,2026-03,89
ITM0009,LOC003,2026-04,348
ITM0009,LOC003,2026-05,373
ITM0009,LOC003,2026-06,330
ITM0009,LOC003,2026-07,451
ITM0009,LOC003,2026-08,362
ITM0009,LOC003,2026-09,229
ITM0009,LOC003,2026-10,382
ITM0009,LOC003,2026-11,334
ITM0009,LOC003,2026-12,289
ITM0009,LOC017,2026-01,295
ITM0009,LOC017,2026-02,116
ITM0009,LOC017,2026-03,389
ITM0009,LOC017,2026-04,253
ITM0009,LOC017,2026-05,271
ITM0009,LOC017,2026-06,141
ITM0009,LOC017,2026-07,399
ITM0009,LOC017,2026-08,27
ITM0009,LOC017,2026-09,505
ITM0009,LOC017,2026-10,389
ITM0009,LOC017,2026-11,448
ITM0009,LOC017,2026-12,418
ITM0010,LOC015,2026-01,394
ITM0010,LOC015,2026-02,404
ITM0010,LOC015,2026-03,577
ITM0010,LOC015,2026-04,315
ITM0010,LOC015,2026-05,239
ITM0010,LOC015,2026-06,473
ITM0010,LOC015,2026-07,351
ITM0010,LOC015,2026-08,371
ITM0010,LOC015,2026-09,385
ITM0010,LOC015,2026-10,197
ITM0010,LOC015,2026-11,334
ITM0010,LOC015,2026-12,142
ITM0010,LOC013,2026-01,180
ITM0010,LOC013,2026-02,291
ITM0010,LOC013,2026-03,365
ITM0010,LOC013,2026-04,403
ITM0010,LOC013,2026-05,218
ITM0010,LOC013,2026-06,188
ITM0010,LOC013,2026-07,231
ITM0010,LOC013,2026-08,280
ITM0010,LOC013,2026-09,249
ITM0010,LOC013,2026-10,325
ITM0010,LOC013,2026-11,451
ITM0010,LOC013,2026-12,373
ITM0010,LOC009,2026-01,332
ITM0010,LOC009,2026-02,421
ITM0010,LOC009,2026-03,620
ITM0010,LOC009,2026-04,276
ITM0010,LOC009,2026-05,329
ITM0010,LOC009,2026-06,356
ITM0010,LOC009,2026-07,54
ITM0010,LOC009,2026-08,361
ITM0010,LOC009,2026-09,314
ITM0010,LOC009,2026-10,448
ITM0010,LOC009,2026-11,330
ITM0010,LOC009,2026-12,99
ITM0010,LOC018,2026-01,318
ITM0010,LOC018,2026-02,201
ITM0010,LOC018,2026-03,282
ITM0010,LOC018,2026-04,393
ITM0010,LOC018,2026-05,297
ITM0010,LOC018,2026-06,393
ITM0010,LOC018,2026-07,228
ITM0010,LOC018,2026-08,328
ITM0010,LOC018,2026-09,308
ITM0010,LOC018,2026-10,397
ITM0010,LOC018,2026-11,364
ITM0010,LOC018,2026-12,257
ITM0010,LOC007,2026-01,383
ITM0010,LOC007,2026-02,336
ITM0010,LOC007,2026-03,303
ITM0010,LOC007,2026-04,446
ITM0010,LOC007,2026-05,267
ITM0010,LOC007,2026-06,255
ITM0010,LOC007,2026-07,267
ITM0010,LOC007,2026-08,307
ITM0010,LOC007,2026-09,548
ITM0010,LOC007,2026-10,307
ITM0010,LOC007,2026-11,315
ITM0010,LOC007,2026-12,429
ITM0010,LOC008,2026-01,127
ITM0010,LOC008,2026-02,474
ITM0010,LOC008,2026-03,304
ITM0010,LOC008,2026-04,338
ITM0010,LOC008,2026-05,118
ITM0010,LOC008,2026-06,167
ITM0010,LOC008,2026-07,316
ITM0010,LOC008,2026-08,344
ITM0010,LOC008,2026-09,225
ITM0010,LOC008,2026-10,294
ITM0010,LOC008,2026-11,134
ITM0010,LOC008,2026-12,174
ITM0011,LOC001,2026-01,280
ITM0011,LOC001,2026-02,330
ITM0011,LOC001,2026-03,333
ITM0011,LOC001,2026-04,299
ITM0011,LOC001,2026-05,270
ITM0011,LOC001,2026-06,35
ITM0011,LOC001,2026-07,387
ITM0011,LOC001,2026-08,96
ITM0011,LOC001,2026-09,202
ITM0011,LOC001,2026-10,362
ITM0011,LOC001,2026-11,264
ITM0011,LOC001,2026-12,266
ITM0011,LOC004,2026-01,437
ITM0011,LOC004,2026-02,327
ITM0011,LOC004,2026-03,177
ITM0011,LOC004,2026-04,312
ITM0011,LOC004,2026-05,350
ITM0011,LOC004,2026-06,130
ITM0011,LOC004,2026-07,383
ITM0011,LOC004,2026-08,422
ITM0011,LOC004,2026-09,230
ITM0011,LOC004,2026-10,200
ITM0011,LOC004,2026-11,252
ITM0011,LOC004,2026-12,654
ITM0011,LOC012,2026-01,238
ITM0011,LOC012,2026-02,191
ITM0011,LOC012,2026-03,488
ITM0011,LOC012,2026-04,362
ITM0011,LOC012,2026-05,392
ITM0011,LOC012,2026-06,217
ITM0011,LOC012,2026-07,503
ITM0011,LOC012,2026-08,323
ITM0011,LOC012,2026-09,355
ITM0011,LOC012,2026-10,136
ITM0011,LOC012,2026-11,205
ITM0011,LOC012,2026-12,377
ITM0011,LOC017,2026-01,419
ITM0011,LOC017,2026-02,254
ITM0011,LOC017,2026-03,332
ITM0011,LOC017,2026-04,349
ITM0011,LOC017,2026-05,432
ITM0011,LOC017,2026-06,384
ITM0011,LOC017,2026-07,163
ITM0011,LOC017,2026-08,455
ITM0011,LOC017,2026-09,326
ITM0011,LOC017,2026-10,328
ITM0011,LOC017,2026-11,435
ITM0011,LOC017,2026-12,469
ITM0011,LOC018,2026-01,175
ITM0011,LOC018,2026-02,394
ITM0011,LOC018,2026-03,476
ITM0011,LOC018,2026-04,213
ITM0011,LOC018,2026-05,352
ITM0011,LOC018,2026-06,397
ITM0011,LOC018,2026-07,338
ITM0011,LOC018,2026-08,362
ITM0011,LOC018,2026-09,407
ITM0011,LOC018,2026-10,348
ITM0011,LOC018,2026-11,304
ITM0011,LOC018,2026-12,87
ITM0011,LOC006,2026-01,334
ITM0011,LOC006,2026-02,204
ITM0011,LOC006,2026-03,318
ITM0011,LOC006,2026-04,269
ITM0011,LOC006,2026-05,389
ITM0011,LOC006,2026-06,245
ITM0011,LOC006,2026-07,166
ITM0011,LOC006,2026-08,193
ITM0011,LOC006,2026-09,462
ITM0011,LOC006,2026-10,397
ITM0011,LOC006,2026-11,204
ITM0011,LOC006,2026-12,66
ITM0012,LOC008,2026-01,267
ITM0012,LOC008,2026-02,286
ITM0012,LOC008,2026-03,364
ITM0012,LOC008,2026-04,273
ITM0012,LOC008,2026-05,256
ITM0012,LOC008,2026-06,352
ITM0012,LOC008,2026-07,516
ITM0012,LOC008,2026-08,259
ITM0012,LOC008,2026-09,387
ITM0012,LOC008,2026-10,532
ITM0012,LOC008,2026-11,398
ITM0012,LOC008,2026-12,150
ITM0012,LOC013,2026-01,247
ITM0012,LOC013,2026-02,207
ITM0012,LOC013,2026-03,198
ITM0012,LOC013,2026-04,384
ITM0012,LOC013,2026-05,421
ITM0012,LOC013,2026-06,130
ITM0012,LOC013,2026-07,238
ITM0012,LOC013,2026-08,217
ITM0012,LOC013,2026-09,300
ITM0012,LOC013,2026-10,419
ITM0012,LOC013,2026-11,204
ITM0012,LOC013,2026-12,405
ITM0012,LOC007,2026-01,304
ITM0012,LOC007,2026-02,309
ITM0012,LOC007,2026-03,433
ITM0012,LOC007,2026-04,288
ITM0012,LOC007,2026-05,142
ITM0012,LOC007,2026-06,354
ITM0012,LOC007,2026-07,395
ITM0012,LOC007,2026-08,92
ITM0012,LOC007,2026-09,345
ITM0012,LOC007,2026-10,187
ITM0012,LOC007,2026-11,403
ITM0012,LOC007,2026-12,346
ITM0012,LOC014,2026-01,156
ITM0012,LOC014,2026-02,461
ITM0012,LOC014,2026-03,124
ITM0012,LOC014,2026-04,295
ITM0012,LOC014,2026-05,361
ITM0012,LOC014,2026-06,316
ITM0012,LOC014,2026-07,391
ITM0012,LOC014,2026-08,251
ITM0012,LOC014,2026-09,290
ITM0012,LOC014,2026-10,251
ITM0012,LOC014,2026-11,303
ITM0012,LOC014,2026-12,45
ITM0012,LOC018,2026-01,179
ITM0012,LOC018,2026-02,127
ITM0012,LOC018,2026-03,343
ITM0012,LOC018,2026-04,307
ITM0012,LOC018,2026-05,161
ITM0012,LOC018,2026-06,178
ITM0012,LOC018,2026-07,349
ITM0012,LOC018,2026-08,340
ITM0012,LOC018,2026-09,374
ITM0012,LOC018,2026-10,234
ITM0012,LOC018,2026-11,379
ITM0012,LOC018,2026-12,101
ITM0012,LOC003,2026-01,225
ITM0012,LOC003,2026-02,123
ITM0012,LOC003,2026-03,340
ITM0012,LOC003,2026-04,523
ITM0012,LOC003,2026-05,229
ITM0012,LOC003,2026-06,241
ITM0012,LOC003,2026-07,225
ITM0012,LOC003,2026-08,447
ITM0012,LOC003,2026-09,409
ITM0012,LOC003,2026-10,225
ITM0012,LOC003,2026-11,291
ITM0012,LOC003,2026-12,609
ITM0013,LOC016,2026-01,286
ITM0013,LOC016,2026-02,329
ITM0013,LOC016,2026-03,329
ITM0013,LOC016,2026-04,364
ITM0013,LOC016,2026-05,466
ITM0013,LOC016,2026-06,229
ITM0013,LOC016,2026-07,357
ITM0013,LOC016,2026-08,255
ITM0013,LOC016,2026-09,312
ITM0013,LOC016,2026-10,242
ITM0013,LOC016,2026-11,132
ITM0013,LOC016,2026-12,267
ITM0013,LOC007,2026-01,144
ITM0013,LOC007,2026-02,488
ITM0013,LOC007,2026-03,151
ITM0013,LOC007,2026-04,246
ITM0013,LOC007,2026-05,341
ITM0013,LOC007,2026-06,262
ITM0013,LOC007,2026-07,469
ITM0013,LOC007,2026-08,292
ITM0013,LOC007,2026-09,131
ITM0013,LOC007,2026-10,432
ITM0013,LOC007,2026-11,266
ITM0013,LOC007,2026-12,664
ITM0013,LOC009,2026-01,199
ITM0013,LOC009,2026-02,247
ITM0013,LOC009,2026-03,311
ITM0013,LOC009,2026-04,170
ITM0013,LOC009,2026-05,387
ITM0013,LOC009,2026-06,477
ITM0013,LOC009,2026-07,512
ITM0013,LOC009,2026-08,366
ITM0013,LOC009,2026-09,296
ITM0013,LOC009,2026-10,471
ITM0013,LOC009,2026-11,458
ITM0013,LOC009,2026-12,284
ITM0013,LOC010,2026-01,246
ITM0013,LOC010,2026-02,210
ITM0013,LOC010,2026-03,331
ITM0013,LOC010,2026-04,300
ITM0013,LOC010,2026-05,398
ITM0013,LOC010,2026-06,433
ITM0013,LOC010,2026-07,168
ITM0013,LOC010,2026-08,359
ITM0013,LOC010,2026-09,350
ITM0013,LOC010,2026-10,261
ITM0013,LOC010,2026-11,324
ITM0013,LOC010,2026-12,472
ITM0013,LOC018,2026-01,308
ITM0013,LOC018,2026-02,301
ITM0013,LOC018,2026-03,265
ITM0013,LOC018,2026-04,344
ITM0013,LOC018,2026-05,246
ITM0013,LOC018,2026-06,366
ITM0013,LOC018,2026-07,161
ITM0013,LOC018,2026-08,219
ITM0013,LOC018,2026-09,347
ITM0013,LOC018,2026-10,460
ITM0013,LOC018,2026-11,236
ITM0013,LOC018,2026-12,310
ITM0013,LOC004,2026-01,382
ITM0013,LOC004,2026-02,265
ITM0013,LOC004,2026-03,331
ITM0013,LOC004,2026-04,343
ITM0013,LOC004,2026-05,143
ITM0013,LOC004,2026-06,114
ITM0013,LOC004,2026-07,324
ITM0013,LOC004,2026-08,180
ITM0013,LOC004,2026-09,298
ITM0013,LOC004,2026-10,318
ITM0013,LOC004,2026-11,205
ITM0013,LOC004,2026-12,178
ITM0014,LOC012,2026-01,442
ITM0014,LOC012,2026-02,340
ITM0014,LOC012,2026-03,226
ITM0014,LOC012,2026-04,349
ITM0014,LOC012,2026-05,494
ITM0014,LOC012,2026-06,374
ITM0014,LOC012,2026-07,451
ITM0014,LOC012,2026-08,311
ITM0014,LOC012,2026-09,361
ITM0014,LOC012,2026-10,275
ITM0014,LOC012,2026-11,351
ITM0014,LOC012,2026-12,456
ITM0014,LOC015,2026-01,128
ITM0014,LOC015,2026-02,292
ITM0014,LOC015,2026-03,328
ITM0014,LOC015,2026-04,231
ITM0014,LOC015,2026-05,263
ITM0014,LOC015,2026-06,394
ITM0014,LOC015,2026-07,540
ITM0014,LOC015,2026-08,375
ITM0014,LOC015,2026-09,339
ITM0014,LOC015,2026-10,113
ITM0014,LOC015,2026-11,531
ITM0014,LOC015,2026-12,309
ITM0014,LOC016,2026-01,295
ITM0014,LOC016,2026-02,165
ITM0014,LOC016,2026-03,293
ITM0014,LOC016,2026-04,168
ITM0014,LOC016,2026-05,308
ITM0014,LOC016,2026-06,355
ITM0014,LOC016,2026-07,303
ITM0014,LOC016,2026-08,333
ITM0014,LOC016,2026-09,197
ITM0014,LOC016,2026-10,471
ITM0014,LOC016,2026-11,221
ITM0014,LOC016,2026-12,81
ITM0014,LOC004,2026-01,277
ITM0014,LOC004,2026-02,208
ITM0014,LOC004,2026-03,178
ITM0014,LOC004,2026-04,257
ITM0014,LOC004,2026-05,334
ITM0014,LOC004,2026-06,158
ITM0014,LOC004,2026-07,283
ITM0014,LOC004,2026-08,471
ITM0014,LOC004,2026-09,381
ITM0014,LOC004,2026-10,281
ITM0014,LOC004,2026-11,315
ITM0014,LOC004,2026-12,285
ITM0014,LOC003,2026-01,294
ITM0014,LOC003,2026-02,387
ITM0014,LOC003,2026-03,288
ITM0014,LOC003,2026-04,11
ITM0014,LOC003,2026-05,297
ITM0014,LOC003,2026-06,193
ITM0014,LOC003,2026-07,378
ITM0014,LOC003,2026-08,226
ITM0014,LOC003,2026-09,317
ITM0014,LOC003,2026-10,561
ITM0014,LOC003,2026-11,174
ITM0014,LOC003,2026-12,165
ITM0014,LOC001,2026-01,130
ITM0014,LOC001,2026-02,12
ITM0014,LOC001,2026-03,74
ITM0014,LOC001,2026-04,343
ITM0014,LOC001,2026-05,223
ITM0014,LOC001,2026-06,75
ITM0014,LOC001,2026-07,122
ITM0014,LOC001,2026-08,374
ITM0014,LOC001,2026-09,206
ITM0014,LOC001,2026-10,255
ITM0014,LOC001,2026-11,339
ITM0014,LOC001,2026-12,462
ITM0015,LOC003,2026-01,516
ITM0015,LOC003,2026-02,471
ITM0015,LOC003,2026-03,262
ITM0015,LOC003,2026-04,354
ITM0015,LOC003,2026-05,334
ITM0015,LOC003,2026-06,306
ITM0015,LOC003,2026-07,239
ITM0015,LOC003,2026-08,140
ITM0015,LOC003,2026-09,235
ITM0015,LOC003,2026-10,114
ITM0015,LOC003,2026-11,446
ITM0015,LOC003,2026-12,364
ITM0015,LOC006,2026-01,155
ITM0015,LOC006,2026-02,467
ITM0015,LOC006,2026-03,407
ITM0015,LOC006,2026-04,70
ITM0015,LOC006,2026-05,520
ITM0015,LOC006,2026-06,397
ITM0015,LOC006,2026-07,547
ITM0015,LOC006,2026-08,152
ITM0015,LOC006,2026-09,363
ITM0015,LOC006,2026-10,350
ITM0015,LOC006,2026-11,324
ITM0015,LOC006,2026-12,320
ITM0015,LOC005,2026-01,426
ITM0015,LOC005,2026-02,120
ITM0015,LOC005,2026-03,150
ITM0015,LOC005,2026-04,132
ITM0015,LOC005,2026-05,233
ITM0015,LOC005,2026-06,227
ITM0015,LOC005,2026-07,344
ITM0015,LOC005,2026-08,331
ITM0015,LOC005,2026-09,303
ITM0015,LOC005,2026-10,218
ITM0015,LOC005,2026-11,246
ITM0015,LOC005,2026-12,414
ITM0015,LOC001,2026-01,391
ITM0015,LOC001,2026-02,312
ITM0015,LOC001,2026-03,261
ITM0015,LOC001,2026-04,486
ITM0015,LOC001,2026-05,228
ITM0015,LOC001,2026-06,377
ITM0015,LOC001,2026-07,438
ITM0015,LOC001,2026-08,268
ITM0015,LOC001,2026-09,399
ITM0015,LOC001,2026-10,166
ITM0015,LOC001,2026-11,421
ITM0015,LOC001,2026-12,323
ITM0015,LOC015,2026-01,109
ITM0015,LOC015,2026-02,380
ITM0015,LOC015,2026-03,192
ITM0015,LOC015,2026-04,453
ITM0015,LOC015,2026-05,218
ITM0015,LOC015,2026-06,280
ITM0015,LOC015,2026-07,333
ITM0015,LOC015,2026-08,260
ITM0015,LOC015,2026-09,331
ITM0015,LOC015,2026-10,233
ITM0015,LOC015,2026-11,380
ITM0015,LOC015,2026-12,300
ITM0015,LOC002,2026-01,325
ITM0015,LOC002,2026-02,0
ITM0015,LOC002,2026-03,439
ITM0015,LOC002,2026-04,303
ITM0015,LOC002,2026-05,86
ITM0015,LOC002,2026-06,311
ITM0015,LOC002,2026-07,356
ITM0015,LOC002,2026-08,428
ITM0015,LOC002,2026-09,170
ITM0015,LOC002,2026-10,485
ITM0015,LOC002,2026-11,280
ITM0015,LOC002,2026-12,587
ITM0016,LOC010,2026-01,489
ITM0016,LOC010,2026-02,223
ITM0016,LOC010,2026-03,0
ITM0016,LOC010,2026-04,322
ITM0016,LOC010,2026-05,247
ITM0016,LOC010,2026-06,278
ITM0016,LOC010,2026-07,275
ITM0016,LOC010,2026-08,347
ITM0016,LOC010,2026-09,527
ITM0016,LOC010,2026-10,190
ITM0016,LOC010,2026-11,296
ITM0016,LOC010,2026-12,174
ITM0016,LOC007,2026-01,229
ITM0016,LOC007,2026-02,208
ITM0016,LOC007,2026-03,258
ITM0016,LOC007,2026-04,419
ITM0016,LOC007,2026-05,229
ITM0016,LOC007,2026-06,279
ITM0016,LOC007,2026-07,468
ITM0016,LOC007,2026-08,281
ITM0016,LOC007,2026-09,358
ITM0016,LOC007,2026-10,278
ITM0016,LOC007,2026-11,147
ITM0016,LOC007,2026-12,197
ITM0016,LOC008,2026-01,275
ITM0016,LOC008,2026-02,280
ITM0016,LOC008,2026-03,172
ITM0016,LOC008,2026-04,228
ITM0016,LOC008,2026-05,388
ITM0016,LOC008,2026-06,203
ITM0016,LOC008,2026-07,199
ITM0016,LOC008,2026-08,264
ITM0016,LOC008,2026-09,121
ITM0016,LOC008,2026-10,342
ITM0016,LOC008,2026-11,296
ITM0016,LOC008,2026-12,386
ITM0016,LOC016,2026-01,213
ITM0016,LOC016,2026-02,448
ITM0016,LOC016,2026-03,252
ITM0016,LOC016,2026-04,165
ITM0016,LOC016,2026-05,277
ITM0016,LOC016,2026-06,499
ITM0016,LOC016,2026-07,376
ITM0016,LOC016,2026-08,152
ITM0016,LOC016,2026-09,245
ITM0016,LOC016,2026-10,0
ITM0016,LOC016,2026-11,272
ITM0016,LOC016,2026-12,139
ITM0016,LOC003,2026-01,248
ITM0016,LOC003,2026-02,371
ITM0016,LOC003,2026-03,389
ITM0016,LOC003,2026-04,274
ITM0016,LOC003,2026-05,674
ITM0016,LOC003,2026-06,191
ITM0016,LOC003,2026-07,389
ITM0016,LOC003,2026-08,451
ITM0016,LOC003,2026-09,323
ITM0016,LOC003,2026-10,364
ITM0016,LOC003,2026-11,360
ITM0016,LOC003,2026-12,381
ITM0016,LOC002,2026-01,271
ITM0016,LOC002,2026-02,391
ITM0016,LOC002,2026-03,504
ITM0016,LOC002,2026-04,467
ITM0016,LOC002,2026-05,251
ITM0016,LOC002,2026-06,545
ITM0016,LOC002,2026-07,281
ITM0016,LOC002,2026-08,304
ITM0016,LOC002,2026-09,378
ITM0016,LOC002,2026-10,198
ITM0016,LOC002,2026-11,358
ITM0016,LOC002,2026-12,632
ITM0017,LOC010,2026-01,299
ITM0017,LOC010,2026-02,287
ITM0017,LOC010,2026-03,311
ITM0017,LOC010,2026-04,534
ITM0017,LOC010,2026-05,251
ITM0017,LOC010,2026-06,147
ITM0017,LOC010,2026-07,160
ITM0017,LOC010,2026-08,114
ITM0017,LOC010,2026-09,213
ITM0017,LOC010,2026-10,148
ITM0017,LOC010,2026-11,423
ITM0017,LOC010,2026-12,180
ITM0017,LOC015,2026-01,225
ITM0017,LOC015,2026-02,256
ITM0017,LOC015,2026-03,325
ITM0017,LOC015,2026-04,356
ITM0017,LOC015,2026-05,215
ITM0017,LOC015,2026-06,338
ITM0017,LOC015,2026-07,222
ITM0017,LOC015,2026-08,57
ITM0017,LOC015,2026-09,305
ITM0017,LOC015,2026-10,421
ITM0017,LOC015,2026-11,283
ITM0017,LOC015,2026-12,231
ITM0017,LOC001,2026-01,380
ITM0017,LOC001,2026-02,188
ITM0017,LOC001,2026-03,535
ITM0017,LOC001,2026-04,329
ITM0017,LOC001,2026-05,124
ITM0017,LOC001,2026-06,279
ITM0017,LOC001,2026-07,477
ITM0017,LOC001,2026-08,117
ITM0017,LOC001,2026-09,291
ITM0017,LOC001,2026-10,315
ITM0017,LOC001,2026-11,429
ITM0017,LOC001,2026-12,71
ITM0017,LOC003,2026-01,371
ITM0017,LOC003,2026-02,356
ITM0017,LOC003,2026-03,338
ITM0017,LOC003,2026-04,486
ITM0017,LOC003,2026-05,376
ITM0017,LOC003,2026-06,275
ITM0017,LOC003,2026-07,165
ITM0017,LOC003,2026-08,489
ITM0017,LOC003,2026-09,221
ITM0017,LOC003,2026-10,321
ITM0017,LOC003,2026-11,278
ITM0017,LOC003,2026-12,303
ITM0017,LOC005,2026-01,330
ITM0017,LOC005,2026-02,188
ITM0017,LOC005,2026-03,191
ITM0017,LOC005,2026-04,464
ITM0017,LOC005,2026-05,0
ITM0017,LOC005,2026-06,397
ITM0017,LOC005,2026-07,358
ITM0017,LOC005,2026-08,431
ITM0017,LOC005,2026-09,476
ITM0017,LOC005,2026-10,220
ITM0017,LOC005,2026-11,171
ITM0017,LOC005,2026-12,187
ITM0017,LOC018,2026-01,298
ITM0017,LOC018,2026-02,417
ITM0017,LOC018,2026-03,343
ITM0017,LOC018,2026-04,317
ITM0017,LOC018,2026-05,445
ITM0017,LOC018,2026-06,214
ITM0017,LOC018,2026-07,228
ITM0017,LOC018,2026-08,159
ITM0017,LOC018,2026-09,378
ITM0017,LOC018,2026-10,364
ITM0017,LOC018,2026-11,58
ITM0017,LOC018,2026-12,474
ITM0018,LOC008,2026-01,340
ITM0018,LOC008,2026-02,280
ITM0018,LOC008,2026-03,323
ITM0018,LOC008,2026-04,224
ITM0018,LOC008,2026-05,179
ITM0018,LOC008,2026-06,150
ITM0018,LOC008,2026-07,326
ITM0018,LOC008,2026-08,238
ITM0018,LOC008,2026-09,186
ITM0018,LOC008,2026-10,104
ITM0018,LOC008,2026-11,334
ITM0018,LOC008,2026-12,181
ITM0018,LOC013,2026-01,502
ITM0018,LOC013,2026-02,295
ITM0018,LOC013,2026-03,176
ITM0018,LOC013,2026-04,131
ITM0018,LOC013,2026-05,93
ITM0018,LOC013,2026-06,340
ITM0018,LOC013,2026-07,322
ITM0018,LOC013,2026-08,485
ITM0018,LOC013,2026-09,168
ITM0018,LOC013,2026-10,0
ITM0018,LOC013,2026-11,240
ITM0018,LOC013,2026-12,175
ITM0018,LOC015,2026-01,373
ITM0018,LOC015,2026-02,97
ITM0018,LOC015,2026-03,190
ITM0018,LOC015,2026-04,436
ITM0018,LOC015,2026-05,240
ITM0018,LOC015,2026-06,424
ITM0018,LOC015,2026-07,263
ITM0018,LOC015,2026-08,264
ITM0018,LOC015,2026-09,355
ITM0018,LOC015,2026-10,258
ITM0018,LOC015,2026-11,261
ITM0018,LOC015,2026-12,411
ITM0018,LOC004,2026-01,433
ITM0018,LOC004,2026-02,379
ITM0018,LOC004,2026-03,170
ITM0018,LOC004,2026-04,555
ITM0018,LOC004,2026-05,191
ITM0018,LOC004,2026-06,278
ITM0018,LOC004,2026-07,147
ITM0018,LOC004,2026-08,213
ITM0018,LOC004,2026-09,311
ITM0018,LOC004,2026-10,344
ITM0018,LOC004,2026-11,256
ITM0018,LOC004,2026-12,458
ITM0018,LOC003,2026-01,92
ITM0018,LOC003,2026-02,188
ITM0018,LOC003,2026-03,351
ITM0018,LOC003,2026-04,421
ITM0018,LOC003,2026-05,317
ITM0018,LOC003,2026-06,219
ITM0018,LOC003,2026-07,178
ITM0018,LOC003,2026-08,385
ITM0018,LOC003,2026-09,158
ITM0018,LOC003,2026-10,183
ITM0018,LOC003,2026-11,351
ITM0018,LOC003,2026-12,292
ITM0018,LOC014,2026-01,423
ITM0018,LOC014,2026-02,212
ITM0018,LOC014,2026-03,234
ITM0018,LOC014,2026-04,223
ITM0018,LOC014,2026-05,216
ITM0018,LOC014,2026-06,302
ITM0018,LOC014,2026-07,502
ITM0018,LOC014,2026-08,408
ITM0018,LOC014,2026-09,271
ITM0018,LOC014,2026-10,247
ITM0018,LOC014,2026-11,392
ITM0018,LOC014,2026-12,384
ITM0019,LOC005,2026-01,234
ITM0019,LOC005,2026-02,313
ITM0019,LOC005,2026-03,159
ITM0019,LOC005,2026-04,307
ITM0019,LOC005,2026-05,68
ITM0019,LOC005,2026-06,241
ITM0019,LOC005,2026-07,529
ITM0019,LOC005,2026-08,309
ITM0019,LOC005,2026-09,148
ITM0019,LOC005,2026-10,330
ITM0019,LOC005,2026-11,183
ITM0019,LOC005,2026-12,101
ITM0019,LOC016,2026-01,211
ITM0019,LOC016,2026-02,388
ITM0019,LOC016,2026-03,346
ITM0019,LOC016,2026-04,288
ITM0019,LOC016,2026-05,188
ITM0019,LOC016,2026-06,170
ITM0019,LOC016,2026-07,461
ITM0019,LOC016,2026-08,329
ITM0019,LOC016,2026-09,185
ITM0019,LOC016,2026-10,46
ITM0019,LOC016,2026-11,135
ITM0019,LOC016,2026-12,597
ITM0019,LOC017,2026-01,162
ITM0019,LOC017,2026-02,290
ITM0019,LOC017,2026-03,325
ITM0019,LOC017,2026-04,281
ITM0019,LOC017,2026-05,266
ITM0019,LOC017,2026-06,135
ITM0019,LOC017,2026-07,173
ITM0019,LOC017,2026-08,502
ITM0019,LOC017,2026-09,209
ITM0019,LOC017,2026-10,401
ITM0019,LOC017,2026-11,96
ITM0019,LOC017,2026-12,267
ITM0019,LOC009,2026-01,331
ITM0019,LOC009,2026-02,424
ITM0019,LOC009,2026-03,165
ITM0019,LOC009,2026-04,371
ITM0019,LOC009,2026-05,346
ITM0019,LOC009,2026-06,211
ITM0019,LOC009,2026-07,357
ITM0019,LOC009,2026-08,192
ITM0019,LOC009,2026-09,204
ITM0019,LOC009,2026-10,297
ITM0019,LOC009,2026-11,0
ITM0019,LOC009,2026-12,286
ITM0019,LOC001,2026-01,179
ITM0019,LOC001,2026-02,124
ITM0019,LOC001,2026-03,248
ITM0019,LOC001,2026-04,391
ITM0019,LOC001,2026-05,251
ITM0019,LOC001,2026-06,451
ITM0019,LOC001,2026-07,160
ITM0019,LOC001,2026-08,142
ITM0019,LOC001,2026-09,486
ITM0019,LOC001,2026-10,347
ITM0019,LOC001,2026-11,413
ITM0019,LOC001,2026-12,200
ITM0019,LOC008,2026-01,396
ITM0019,LOC008,2026-02,331
ITM0019,LOC008,2026-03,377
ITM0019,LOC008,2026-04,303
ITM0019,LOC008,2026-05,444
ITM0019,LOC008,2026-06,222
ITM0019,LOC008,2026-07,184
ITM0019,LOC008,2026-08,122
ITM0019,LOC008,2026-09,439
ITM0019,LOC008,2026-10,211
ITM0019,LOC008,2026-11,174
ITM0019,LOC008,2026-12,187
ITM0020,LOC003,2026-01,247
ITM0020,LOC003,2026-02,247
ITM0020,LOC003,2026-03,174
ITM0020,LOC003,2026-04,92
ITM0020,LOC003,2026-05,251
ITM0020,LOC003,2026-06,326
ITM0020,LOC003,2026-07,317
ITM0020,LOC003,2026-08,291
ITM0020,LOC003,2026-09,345
ITM0020,LOC003,2026-10,252
ITM0020,LOC003,2026-11,231
ITM0020,LOC003,2026-12,475
ITM0020,LOC007,2026-01,349
ITM0020,LOC007,2026-02,241
ITM0020,LOC007,2026-03,323
ITM0020,LOC007,2026-04,305
ITM0020,LOC007,2026-05,155
ITM0020,LOC007,2026-06,236
ITM0020,LOC007,2026-07,420
ITM0020,LOC007,2026-08,227
ITM0020,LOC007,2026-09,78
ITM0020,LOC007,2026-10,268
ITM0020,LOC007,2026-11,318
ITM0020,LOC007,2026-12,175
ITM0020,LOC002,2026-01,259
ITM0020,LOC002,2026-02,184
ITM0020,LOC002,2026-03,465
ITM0020,LOC002,2026-04,374
ITM0020,LOC002,2026-05,0
ITM0020,LOC002,2026-06,89
ITM0020,LOC002,2026-07,262
ITM0020,LOC002,2026-08,241
ITM0020,LOC002,2026-09,318
ITM0020,LOC002,2026-10,149
ITM0020,LOC002,2026-11,417
ITM0020,LOC002,2026-12,367
ITM0020,LOC011,2026-01,433
ITM0020,LOC011,2026-02,197
ITM0020,LOC011,2026-03,285
ITM0020,LOC011,2026-04,307
ITM0020,LOC011,2026-05,128
ITM0020,LOC011,2026-06,0
ITM0020,LOC011,2026-07,353
ITM0020,LOC011,2026-08,234
ITM0020,LOC011,2026-09,398
ITM0020,LOC011,2026-10,393
ITM0020,LOC011,2026-11,275
ITM0020,LOC011,2026-12,453
ITM0020,LOC015,2026-01,111
ITM0020,LOC015,2026-02,360
ITM0020,LOC015,2026-03,401
ITM0020,LOC015,2026-04,246
ITM0020,LOC015,2026-05,296
ITM0020,LOC015,2026-06,115
ITM0020,LOC015,2026-07,424
ITM0020,LOC015,2026-08,459
ITM0020,LOC015,2026-09,258
ITM0020,LOC015,2026-10,447
ITM0020,LOC015,2026-11,121
ITM0020,LOC015,2026-12,302
ITM0020,LOC008,2026-01,504
ITM0020,LOC008,2026-02,130
ITM0020,LOC008,2026-03,328
ITM0020,LOC008,2026-04,309
ITM0020,LOC008,2026-05,530
ITM0020,LOC008,2026-06,392
ITM0020,LOC008,2026-07,235
ITM0020,LOC008,2026-08,146
ITM0020,LOC008,2026-09,220
ITM0020,LOC008,2026-10,366
ITM0020,LOC008,2026-11,55
ITM0020,LOC008,2026-12,122
ITM0021,LOC016,2026-01,132
ITM0021,LOC016,2026-02,367
ITM0021,LOC016,2026-03,431
ITM0021,LOC016,2026-04,469
ITM0021,LOC016,2026-05,187
ITM0021,LOC016,2026-06,430
ITM0021,LOC016,2026-07,214
ITM0021,LOC016,2026-08,209
ITM0021,LOC016,2026-09,141
ITM0021,LOC016,2026-10,438
ITM0021,LOC016,2026-11,497
ITM0021,LOC016,2026-12,228
ITM0021,LOC002,2026-01,208
ITM0021,LOC002,2026-02,259
ITM0021,LOC002,2026-03,600
ITM0021,LOC002,2026-04,420
ITM0021,LOC002,2026-05,234
ITM0021,LOC002,2026-06,84
ITM0021,LOC002,2026-07,219
ITM0021,LOC002,2026-08,442
ITM0021,LOC002,2026-09,524
ITM0021,LOC002,2026-10,268
ITM0021,LOC002,2026-11,217
ITM0021,LOC002,2026-12,238
ITM0021,LOC011,2026-01,73
ITM0021,LOC011,2026-02,408
ITM0021,LOC011,2026-03,169
ITM0021,LOC011,2026-04,427
ITM0021,LOC011,2026-05,95
ITM0021,LOC011,2026-06,147
ITM0021,LOC011,2026-07,334
ITM0021,LOC011,2026-08,208
ITM0021,LOC011,2026-09,393
ITM0021,LOC011,2026-10,300
ITM0021,LOC011,2026-11,159
ITM0021,LOC011,2026-12,374
ITM0021,LOC006,2026-01,401
ITM0021,LOC006,2026-02,70
ITM0021,LOC006,2026-03,519
ITM0021,LOC006,2026-04,359
ITM0021,LOC006,2026-05,391
ITM0021,LOC006,2026-06,76
ITM0021,LOC006,2026-07,213
ITM0021,LOC006,2026-08,258
ITM0021,LOC006,2026-09,429
ITM0021,LOC006,2026-10,124
ITM0021,LOC006,2026-11,193
ITM0021,LOC006,2026-12,56
ITM0021,LOC010,2026-01,271
ITM0021,LOC010,2026-02,341
ITM0021,LOC010,2026-03,97
ITM0021,LOC010,2026-04,229
ITM0021,LOC010,2026-05,361
ITM0021,LOC010,2026-06,490
ITM0021,LOC010,2026-07,379
ITM0021,LOC010,2026-08,263
ITM0021,LOC010,2026-09,158
ITM0021,LOC010,2026-10,187
ITM0021,LOC010,2026-11,220
ITM0021,LOC010,2026-12,317
ITM0021,LOC012,2026-01,294
ITM0021,LOC012,2026-02,500
ITM0021,LOC012,2026-03,334
ITM0021,LOC012,2026-04,171
ITM0021,LOC012,2026-05,485
ITM0021,LOC012,2026-06,413
ITM0021,LOC012,2026-07,312
ITM0021,LOC012,2026-08,213
ITM0021,LOC012,2026-09,75
ITM0021,LOC012,2026-10,177
ITM0021,LOC012,2026-11,409
ITM0021,LOC012,2026-12,203
ITM0022,LOC016,2026-01,481
ITM0022,LOC016,2026-02,418
ITM0022,LOC016,2026-03,261
ITM0022,LOC016,2026-04,452
ITM0022,LOC016,2026-05,168
ITM0022,LOC016,2026-06,461
ITM0022,LOC016,2026-07,356
ITM0022,LOC016,2026-08,229
ITM0022,LOC016,2026-09,423
ITM0022,LOC016,2026-10,234
ITM0022,LOC016,2026-11,377
ITM0022,LOC016,2026-12,213
ITM0022,LOC017,2026-01,251
ITM0022,LOC017,2026-02,311
ITM0022,LOC017,2026-03,288
ITM0022,LOC017,2026-04,327
ITM0022,LOC017,2026-05,268
ITM0022,LOC017,2026-06,461
ITM0022,LOC017,2026-07,367
ITM0022,LOC017,2026-08,345
ITM0022,LOC017,2026-09,406
ITM0022,LOC017,2026-10,187
ITM0022,LOC017,2026-11,228
ITM0022,LOC017,2026-12,256
ITM0022,LOC007,2026-01,386
ITM0022,LOC007,2026-02,256
ITM0022,LOC007,2026-03,407
ITM0022,LOC007,2026-04,374
ITM0022,LOC007,2026-05,162
ITM0022,LOC007,2026-06,209
ITM0022,LOC007,2026-07,457
ITM0022,LOC007,2026-08,469
ITM0022,LOC007,2026-09,94
ITM0022,LOC007,2026-10,629
ITM0022,LOC007,2026-11,279
ITM0022,LOC007,2026-12,319
ITM0022,LOC004,2026-01,412
ITM0022,LOC004,2026-02,325
ITM0022,LOC004,2026-03,261
ITM0022,LOC004,2026-04,166
ITM0022,LOC004,2026-05,443
ITM0022,LOC004,2026-06,89
ITM0022,LOC004,2026-07,411
ITM0022,LOC004,2026-08,169
ITM0022,LOC004,2026-09,465
ITM0022,LOC004,2026-10,211
ITM0022,LOC004,2026-11,388
ITM0022,LOC004,2026-12,356
ITM0022,LOC015,2026-01,305
ITM0022,LOC015,2026-02,351
ITM0022,LOC015,2026-03,425
ITM0022,LOC015,2026-04,231
ITM0022,LOC015,2026-05,395
ITM0022,LOC015,2026-06,513
ITM0022,LOC015,2026-07,239
ITM0022,LOC015,2026-08,363
ITM0022,LOC015,2026-09,286
ITM0022,LOC015,2026-10,227
ITM0022,LOC015,2026-11,566
ITM0022,LOC015,2026-12,197
ITM0022,LOC014,2026-01,441
ITM0022,LOC014,2026-02,355
ITM0022,LOC014,2026-03,565
ITM0022,LOC014,2026-04,346
ITM0022,LOC014,2026-05,292
ITM0022,LOC014,2026-06,443
ITM0022,LOC014,2026-07,286
ITM0022,LOC014,2026-08,97
ITM0022,LOC014,2026-09,244
ITM0022,LOC014,2026-10,305
ITM0022,LOC014,2026-11,294
ITM0022,LOC014,2026-12,311
ITM0023,LOC007,2026-01,186
ITM0023,LOC007,2026-02,321
ITM0023,LOC007,2026-03,210
ITM0023,LOC007,2026-04,374
ITM0023,LOC007,2026-05,205
ITM0023,LOC007,2026-06,388
ITM0023,LOC007,2026-07,394
ITM0023,LOC007,2026-08,51
ITM0023,LOC007,2026-09,405
ITM0023,LOC007,2026-10,215
ITM0023,LOC007,2026-11,483
ITM0023,LOC007,2026-12,187
ITM0023,LOC010,2026-01,425
ITM0023,LOC010,2026-02,489
ITM0023,LOC010,2026-03,447
ITM0023,LOC010,2026-04,378
ITM0023,LOC010,2026-05,160
ITM0023,LOC010,2026-06,442
ITM0023,LOC010,2026-07,353
ITM0023,LOC010,2026-08,2
ITM0023,LOC010,2026-09,405
ITM0023,LOC010,2026-10,246
ITM0023,LOC010,2026-11,346
ITM0023,LOC010,2026-12,306
ITM0023,LOC015,2026-01,404
ITM0023,LOC015,2026-02,281
ITM0023,LOC015,2026-03,306
ITM0023,LOC015,2026-04,359
ITM0023,LOC015,2026-05,228
ITM0023,LOC015,2026-06,380
ITM0023,LOC015,2026-07,293
ITM0023,LOC015,2026-08,224
ITM0023,LOC015,2026-09,59
ITM0023,LOC015,2026-10,375
ITM0023,LOC015,2026-11,236
ITM0023,LOC015,2026-12,325
ITM0023,LOC013,2026-01,221
ITM0023,LOC013,2026-02,344
ITM0023,LOC013,2026-03,454
ITM0023,LOC013,2026-04,324
ITM0023,LOC013,2026-05,237
ITM0023,LOC013,2026-06,507
ITM0023,LOC013,2026-07,296
ITM0023,LOC013,2026-08,357
ITM0023,LOC013,2026-09,167
ITM0023,LOC013,2026-10,337
ITM0023,LOC013,2026-11,382
ITM0023,LOC013,2026-12,418
ITM0023,LOC011,2026-01,156
ITM0023,LOC011,2026-02,145
ITM0023,LOC011,2026-03,437
ITM0023,LOC011,2026-04,230
ITM0023,LOC011,2026-05,330
ITM0023,LOC011,2026-06,248
ITM0023,LOC011,2026-07,309
ITM0023,LOC011,2026-08,0
ITM0023,LOC011,2026-09,214
ITM0023,LOC011,2026-10,338
ITM0023,LOC011,2026-11,306
ITM0023,LOC011,2026-12,388
ITM0023,LOC002,2026-01,204
ITM0023,LOC002,2026-02,379
ITM0023,LOC002,2026-03,418
ITM0023,LOC002,2026-04,493
ITM0023,LOC002,2026-05,366
ITM0023,LOC002,2026-06,290
ITM0023,LOC002,2026-07,217
ITM0023,LOC002,2026-08,200
ITM0023,LOC002,2026-09,156
ITM0023,LOC002,2026-10,292
ITM0023,LOC002,2026-11,101
ITM0023,LOC002,2026-12,374
ITM0024,LOC017,2026-01,371
ITM0024,LOC017,2026-02,255
ITM0024,LOC017,2026-03,241
ITM0024,LOC017,2026-04,271
ITM0024,LOC017,2026-05,387
ITM0024,LOC017,2026-06,486
ITM0024,LOC017,2026-07,281
ITM0024,LOC017,2026-08,222
ITM0024,LOC017,2026-09,345
ITM0024,LOC017,2026-10,324
ITM0024,LOC017,2026-11,191
ITM0024,LOC017,2026-12,211
ITM0024,LOC010,2026-01,287
ITM0024,LOC010,2026-02,380
ITM0024,LOC010,2026-03,156
ITM0024,LOC010,2026-04,177
ITM0024,LOC010,2026-05,359
ITM0024,LOC010,2026-06,153
ITM0024,LOC010,2026-07,313
ITM0024,LOC010,2026-08,342
ITM0024,LOC010,2026-09,286
ITM0024,LOC010,2026-10,177
ITM0024,LOC010,2026-11,292
ITM0024,LOC010,2026-12,260
ITM0024,LOC006,2026-01,340
ITM0024,LOC006,2026-02,199
ITM0024,LOC006,2026-03,430
ITM0024,LOC006,2026-04,98
ITM0024,LOC006,2026-05,278
ITM0024,LOC006,2026-06,300
ITM0024,LOC006,2026-07,415
ITM0024,LOC006,2026-08,226
ITM0024,LOC006,2026-09,365
ITM0024,LOC006,2026-10,231
ITM0024,LOC006,2026-11,388
ITM0024,LOC006,2026-12,508
ITM0024,LOC016,2026-01,251
ITM0024,LOC016,2026-02,353
ITM0024,LOC016,2026-03,188
ITM0024,LOC016,2026-04,416
ITM0024,LOC016,2026-05,445
ITM0024,LOC016,2026-06,304
ITM0024,LOC016,2026-07,163
ITM0024,LOC016,2026-08,348
ITM0024,LOC016,2026-09,437
ITM0024,LOC016,2026-10,430
ITM0024,LOC016,2026-11,397
ITM0024,LOC016,2026-12,80
ITM0024,LOC007,2026-01,218
ITM0024,LOC007,2026-02,470
ITM0024,LOC007,2026-03,152
ITM0024,LOC007,2026-04,435
ITM0024,LOC007,2026-05,525
ITM0024,LOC007,2026-06,391
ITM0024,LOC007,2026-07,434
ITM0024,LOC007,2026-08,260
ITM0024,LOC007,2026-09,152
ITM0024,LOC007,2026-10,287
ITM0024,LOC007,2026-11,276
ITM0024,LOC007,2026-12,294
ITM0024,LOC001,2026-01,383
ITM0024,LOC001,2026-02,282
ITM0024,LOC001,2026-03,323
ITM0024,LOC001,2026-04,350
ITM0024,LOC001,2026-05,299
ITM0024,LOC001,2026-06,521
ITM0024,LOC001,2026-07,353
ITM0024,LOC001,2026-08,310
ITM0024,LOC001,2026-09,275
ITM0024,LOC001,2026-10,224
ITM0024,LOC001,2026-11,461
ITM0024,LOC001,2026-12,318
ITM0025,LOC015,2026-01,268
ITM0025,LOC015,2026-02,342
ITM0025,LOC015,2026-03,341
ITM0025,LOC015,2026-04,386
ITM0025,LOC015,2026-05,144
ITM0025,LOC015,2026-06,334
ITM0025,LOC015,2026-07,304
ITM0025,LOC015,2026-08,242
ITM0025,LOC015,2026-09,480
ITM0025,LOC015,2026-10,472
ITM0025,LOC015,2026-11,216
ITM0025,LOC015,2026-12,277
ITM0025,LOC017,2026-01,325
ITM0025,LOC017,2026-02,476
ITM0025,LOC017,2026-03,182
ITM0025,LOC017,2026-04,328
ITM0025,LOC017,2026-05,321
ITM0025,LOC017,2026-06,292
ITM0025,LOC017,2026-07,177
ITM0025,LOC017,2026-08,161
ITM0025,LOC017,2026-09,166
ITM0025,LOC017,2026-10,206
ITM0025,LOC017,2026-11,610
ITM0025,LOC017,2026-12,371
ITM0025,LOC008,2026-01,407
ITM0025,LOC008,2026-02,336
ITM0025,LOC008,2026-03,113
ITM0025,LOC008,2026-04,433
ITM0025,LOC008,2026-05,250
ITM0025,LOC008,2026-06,74
ITM0025,LOC008,2026-07,0
ITM0025,LOC008,2026-08,162
ITM0025,LOC008,2026-09,247
ITM0025,LOC008,2026-10,409
ITM0025,LOC008,2026-11,201
ITM0025,LOC008,2026-12,260
ITM0025,LOC012,2026-01,409
ITM0025,LOC012,2026-02,444
ITM0025,LOC012,2026-03,153
ITM0025,LOC012,2026-04,493
ITM0025,LOC012,2026-05,290
ITM0025,LOC012,2026-06,284
ITM0025,LOC012,2026-07,359
ITM0025,LOC012,2026-08,348
ITM0025,LOC012,2026-09,263
ITM0025,LOC012,2026-10,371
ITM0025,LOC012,2026-11,258
ITM0025,LOC012,2026-12,225
ITM0025,LOC016,2026-01,193
ITM0025,LOC016,2026-02,357
ITM0025,LOC016,2026-03,431
ITM0025,LOC016,2026-04,297
ITM0025,LOC016,2026-05,621
ITM0025,LOC016,2026-06,397
ITM0025,LOC016,2026-07,333
ITM0025,LOC016,2026-08,294
ITM0025,LOC016,2026-09,411
ITM0025,LOC016,2026-10,175
ITM0025,LOC016,2026-11,445
ITM0025,LOC016,2026-12,217
ITM0025,LOC002,2026-01,149
ITM0025,LOC002,2026-02,143
ITM0025,LOC002,2026-03,353
ITM0025,LOC002,2026-04,312
ITM0025,LOC002,2026-05,314
ITM0025,LOC002,2026-06,313
ITM0025,LOC002,2026-07,302
ITM0025,LOC002,2026-08,333
ITM0025,LOC002,2026-09,384
ITM0025,LOC002,2026-10,372
ITM0025,LOC002,2026-11,321
ITM0025,LOC002,2026-12,336
ITM0026,LOC017,2026-01,417
ITM0026,LOC017,2026-02,246
ITM0026,LOC017,2026-03,50
ITM0026,LOC017,2026-04,281
ITM0026,LOC017,2026-05,435
ITM0026,LOC017,2026-06,220
ITM0026,LOC017,2026-07,270
ITM0026,LOC017,2026-08,493
ITM0026,LOC017,2026-09,294
ITM0026,LOC017,2026-10,201
ITM0026,LOC017,2026-11,122
ITM0026,LOC017,2026-12,352
ITM0026,LOC009,2026-01,321
ITM0026,LOC009,2026-02,416
ITM0026,LOC009,2026-03,190
ITM0026,LOC009,2026-04,265
ITM0026,LOC009,2026-05,379
ITM0026,LOC009,2026-06,235
ITM0026,LOC009,2026-07,80
ITM0026,LOC009,2026-08,330
ITM0026,LOC009,2026-09,406
ITM0026,LOC009,2026-10,320
ITM0026,LOC009,2026-11,356
ITM0026,LOC009,2026-12,439
ITM0026,LOC003,2026-01,418
ITM0026,LOC003,2026-02,277
ITM0026,LOC003,2026-03,363
ITM0026,LOC003,2026-04,267
ITM0026,LOC003,2026-05,401
ITM0026,LOC003,2026-06,268
ITM0026,LOC003,2026-07,256
ITM0026,LOC003,2026-08,384
ITM0026,LOC003,2026-09,360
ITM0026,LOC003,2026-10,242
ITM0026,LOC003,2026-11,323
ITM0026,LOC003,2026-12,308
ITM0026,LOC008,2026-01,144
ITM0026,LOC008,2026-02,248
ITM0026,LOC008,2026-03,198
ITM0026,LOC008,2026-04,443
ITM0026,LOC008,2026-05,73
ITM0026,LOC008,2026-06,275
ITM0026,LOC008,2026-07,176
ITM0026,LOC008,2026-08,461
ITM0026,LOC008,2026-09,0
ITM0026,LOC008,2026-10,252
ITM0026,LOC008,2026-11,177
ITM0026,LOC008,2026-12,48
ITM0026,LOC010,2026-01,145
ITM0026,LOC010,2026-02,389
ITM0026,LOC010,2026-03,351
ITM0026,LOC010,2026-04,362
ITM0026,LOC010,2026-05,225
ITM0026,LOC010,2026-06,238
ITM0026,LOC010,2026-07,328
ITM0026,LOC010,2026-08,254
ITM0026,LOC010,2026-09,467
ITM0026,LOC010,2026-10,87
ITM0026,LOC010,2026-11,394
ITM0026,LOC010,2026-12,297
ITM0026,LOC018,2026-01,184
ITM0026,LOC018,2026-02,175
ITM0026,LOC018,2026-03,264
ITM0026,LOC018,2026-04,181
ITM0026,LOC018,2026-05,398
ITM0026,LOC018,2026-06,374
ITM0026,LOC018,2026-07,242
ITM0026,LOC018,2026-08,281
ITM0026,LOC018,2026-09,0
ITM0026,LOC018,2026-10,526
ITM0026,LOC018,2026-11,437
ITM0026,LOC018,2026-12,488
ITM0027,LOC009,2026-01,114
ITM0027,LOC009,2026-02,350
ITM0027,LOC009,2026-03,268
ITM0027,LOC009,2026-04,415
ITM0027,LOC009,2026-05,188
ITM0027,LOC009,2026-06,259
ITM0027,LOC009,2026-07,207
ITM0027,LOC009,2026-08,489
ITM0027,LOC009,2026-09,382
ITM0027,LOC009,2026-10,185
ITM0027,LOC009,2026-11,228
ITM0027,LOC009,2026-12,326
ITM0027,LOC004,2026-01,277
ITM0027,LOC004,2026-02,363
ITM0027,LOC004,2026-03,159
ITM0027,LOC004,2026-04,227
ITM0027,LOC004,2026-05,529
ITM0027,LOC004,2026-06,441
ITM0027,LOC004,2026-07,196
ITM0027,LOC004,2026-08,506
ITM0027,LOC004,2026-09,459
ITM0027,LOC004,2026-10,42
ITM0027,LOC004,2026-11,335
ITM0027,LOC004,2026-12,421
ITM0027,LOC013,2026-01,314
ITM0027,LOC013,2026-02,290
ITM0027,LOC013,2026-03,447
ITM0027,LOC013,2026-04,345
ITM0027,LOC013,2026-05,30
ITM0027,LOC013,2026-06,304
ITM0027,LOC013,2026-07,321
ITM0027,LOC013,2026-08,152
ITM0027,LOC013,2026-09,444
ITM0027,LOC013,2026-10,298
ITM0027,LOC013,2026-11,118
ITM0027,LOC013,2026-12,280
ITM0027,LOC014,2026-01,213
ITM0027,LOC014,2026-02,372
ITM0027,LOC014,2026-03,207
ITM0027,LOC014,2026-04,237
ITM0027,LOC014,2026-05,470
ITM0027,LOC014,2026-06,242
ITM0027,LOC014,2026-07,245
ITM0027,LOC014,2026-08,291
ITM0027,LOC014,2026-09,214
ITM0027,LOC014,2026-10,386
ITM0027,LOC014,2026-11,154
ITM0027,LOC014,2026-12,241
ITM0027,LOC008,2026-01,525
ITM0027,LOC008,2026-02,87
ITM0027,LOC008,2026-03,171
ITM0027,LOC008,2026-04,310
ITM0027,LOC008,2026-05,16
ITM0027,LOC008,2026-06,17
ITM0027,LOC008,2026-07,218
ITM0027,LOC008,2026-08,422
ITM0027,LOC008,2026-09,329
ITM0027,LOC008,2026-10,232
ITM0027,LOC008,2026-11,162
ITM0027,LOC008,2026-12,602
ITM0027,LOC012,2026-01,366
ITM0027,LOC012,2026-02,172
ITM0027,LOC012,2026-03,495
ITM0027,LOC012,2026-04,462
ITM0027,LOC012,2026-05,217
ITM0027,LOC012,2026-06,93
ITM0027,LOC012,2026-07,550
ITM0027,LOC012,2026-08,284
ITM0027,LOC012,2026-09,238
ITM0027,LOC012,2026-10,333
ITM0027,LOC012,2026-11,264
ITM0027,LOC012,2026-12,439
ITM0028,LOC017,2026-01,247
ITM0028,LOC017,2026-02,277
ITM0028,LOC017,2026-03,146
ITM0028,LOC017,2026-04,227
ITM0028,LOC017,2026-05,268
ITM0028,LOC017,2026-06,118
ITM0028,LOC017,2026-07,308
ITM0028,LOC017,2026-08,300
ITM0028,LOC017,2026-09,262
ITM0028,LOC017,2026-10,152
ITM0028,LOC017,2026-11,404
ITM0028,LOC017,2026-12,239
ITM0028,LOC007,2026-01,317
ITM0028,LOC007,2026-02,312
ITM0028,LOC007,2026-03,373
ITM0028,LOC007,2026-04,313
ITM0028,LOC007,2026-05,318
ITM0028,LOC007,2026-06,145
ITM0028,LOC007,2026-07,475
ITM0028,LOC007,2026-08,115
ITM0028,LOC007,2026-09,233
ITM0028,LOC007,2026-10,293
ITM0028,LOC007,2026-11,351
ITM0028,LOC007,2026-12,454
ITM0028,LOC014,2026-01,388
ITM0028,LOC014,2026-02,414
ITM0028,LOC014,2026-03,270
ITM0028,LOC014,2026-04,298
ITM0028,LOC014,2026-05,558
ITM0028,LOC014,2026-06,434
ITM0028,LOC014,2026-07,165
ITM0028,LOC014,2026-08,308
ITM0028,LOC014,2026-09,104
ITM0028,LOC014,2026-10,390
ITM0028,LOC014,2026-11,192
ITM0028,LOC014,2026-12,152
ITM0028,LOC003,2026-01,241
ITM0028,LOC003,2026-02,268
ITM0028,LOC003,2026-03,307
ITM0028,LOC003,2026-04,396
ITM0028,LOC003,2026-05,465
ITM0028,LOC003,2026-06,334
ITM0028,LOC003,2026-07,484
ITM0028,LOC003,2026-08,74
ITM0028,LOC003,2026-09,372
ITM0028,LOC003,2026-10,330
ITM0028,LOC003,2026-11,283
ITM0028,LOC003,2026-12,283
ITM0028,LOC001,2026-01,322
ITM0028,LOC001,2026-02,418
ITM0028,LOC001,2026-03,303
ITM0028,LOC001,2026-04,264
ITM0028,LOC001,2026-05,383
ITM0028,LOC001,2026-06,329
ITM0028,LOC001,2026-07,311
ITM0028,LOC001,2026-08,369
ITM0028,LOC001,2026-09,236
ITM0028,LOC001,2026-10,261
ITM0028,LOC001,2026-11,540
ITM0028,LOC001,2026-12,309
ITM0028,LOC011,2026-01,179
ITM0028,LOC011,2026-02,334
ITM0028,LOC011,2026-03,296
ITM0028,LOC011,2026-04,550
ITM0028,LOC011,2026-05,344
ITM0028,LOC011,2026-06,294
ITM0028,LOC011,2026-07,220
ITM0028,LOC011,2026-08,138
ITM0028,LOC011,2026-09,193
ITM0028,LOC011,2026-10,237
ITM0028,LOC011,2026-11,147
ITM0028,LOC011,2026-12,412
ITM0029,LOC001,2026-01,289
ITM0029,LOC001,2026-02,310
ITM0029,LOC001,2026-03,389
ITM0029,LOC001,2026-04,218
ITM0029,LOC001,2026-05,229
ITM0029,LOC001,2026-06,382
ITM0029,LOC001,2026-07,375
ITM0029,LOC001,2026-08,221
ITM0029,LOC001,2026-09,122
ITM0029,LOC001,2026-10,51
ITM0029,LOC001,2026-11,65
ITM0029,LOC001,2026-12,424
ITM0029,LOC008,2026-01,187
ITM0029,LOC008,2026-02,260
ITM0029,LOC008,2026-03,192
ITM0029,LOC008,2026-04,322
ITM0029,LOC008,2026-05,210
ITM0029,LOC008,2026-06,338
ITM0029,LOC008,2026-07,514
ITM0029,LOC008,2026-08,334
ITM0029,LOC008,2026-09,303
ITM0029,LOC008,2026-10,363
ITM0029,LOC008,2026-11,349
ITM0029,LOC008,2026-12,442
ITM0029,LOC003,2026-01,335
ITM0029,LOC003,2026-02,151
ITM0029,LOC003,2026-03,90
ITM0029,LOC003,2026-04,343
ITM0029,LOC003,2026-05,307
ITM0029,LOC003,2026-06,414
ITM0029,LOC003,2026-07,325
ITM0029,LOC003,2026-08,419
ITM0029,LOC003,2026-09,191
ITM0029,LOC003,2026-10,185
ITM0029,LOC003,2026-11,260
ITM0029,LOC003,2026-12,430
ITM0029,LOC016,2026-01,366
ITM0029,LOC016,2026-02,527
ITM0029,LOC016,2026-03,170
ITM0029,LOC016,2026-04,44
ITM0029,LOC016,2026-05,461
ITM0029,LOC016,2026-06,297
ITM0029,LOC016,2026-07,0
ITM0029,LOC016,2026-08,433
ITM0029,LOC016,2026-09,180
ITM0029,LOC016,2026-10,273
ITM0029,LOC016,2026-11,237
ITM0029,LOC016,2026-12,296
ITM0029,LOC015,2026-01,300
ITM0029,LOC015,2026-02,119
ITM0029,LOC015,2026-03,496
ITM0029,LOC015,2026-04,427
ITM0029,LOC015,2026-05,281
ITM0029,LOC015,2026-06,96
ITM0029,LOC015,2026-07,487
ITM0029,LOC015,2026-08,334
ITM0029,LOC015,2026-09,312
ITM0029,LOC015,2026-10,316
ITM0029,LOC015,2026-11,254
ITM0029,LOC015,2026-12,120
ITM0029,LOC006,2026-01,314
ITM0029,LOC006,2026-02,214
ITM0029,LOC006,2026-03,395
ITM0029,LOC006,2026-04,534
ITM0029,LOC006,2026-05,541
ITM0029,LOC006,2026-06,410
ITM0029,LOC006,2026-07,368
ITM0029,LOC006,2026-08,109
ITM0029,LOC006,2026-09,367
ITM0029,LOC006,2026-10,478
ITM0029,LOC006,2026-11,384
ITM0029,LOC006,2026-12,351
ITM0030,LOC013,2026-01,338
ITM0030,LOC013,2026-02,54
ITM0030,LOC013,2026-03,341
ITM0030,LOC013,2026-04,251
ITM0030,LOC013,2026-05,295
ITM0030,LOC013,2026-06,328
ITM0030,LOC013,2026-07,224
ITM0030,LOC013,2026-08,139
ITM0030,LOC013,2026-09,226
ITM0030,LOC013,2026-10,399
ITM0030,LOC013,2026-11,199
ITM0030,LOC013,2026-12,143
ITM0030,LOC010,2026-01,302
ITM0030,LOC010,2026-02,532
ITM0030,LOC010,2026-03,198
ITM0030,LOC010,2026-04,435
ITM0030,LOC010,2026-05,324
ITM0030,LOC010,2026-06,353
ITM0030,LOC010,2026-07,466
ITM0030,LOC010,2026-08,198
ITM0030,LOC010,2026-09,291
ITM0030,LOC010,2026-10,266
ITM0030,LOC010,2026-11,369
ITM0030,LOC010,2026-12,317
ITM0030,LOC012,2026-01,332
ITM0030,LOC012,2026-02,396
ITM0030,LOC012,2026-03,275
ITM0030,LOC012,2026-04,323
ITM0030,LOC012,2026-05,236
ITM0030,LOC012,2026-06,458
ITM0030,LOC012,2026-07,398
ITM0030,LOC012,2026-08,507
ITM0030,LOC012,2026-09,127
ITM0030,LOC012,2026-10,218
ITM0030,LOC012,2026-11,296
ITM0030,LOC012,2026-12,428
ITM0030,LOC007,2026-01,255
ITM0030,LOC007,2026-02,198
ITM0030,LOC007,2026-03,527
ITM0030,LOC007,2026-04,301
ITM0030,LOC007,2026-05,316
ITM0030,LOC007,2026-06,202
ITM0030,LOC007,2026-07,526
ITM0030,LOC007,2026-08,362
ITM0030,LOC007,2026-09,270
ITM0030,LOC007,2026-10,276
ITM0030,LOC007,2026-11,302
ITM0030,LOC007,2026-12,358
ITM0030,LOC014,2026-01,321
ITM0030,LOC014,2026-02,220
ITM0030,LOC014,2026-03,471
ITM0030,LOC014,2026-04,197
ITM0030,LOC014,2026-05,458
ITM0030,LOC014,2026-06,395
ITM0030,LOC014,2026-07,143
ITM0030,LOC014,2026-08,423
ITM0030,LOC014,2026-09,346
ITM0030,LOC014,2026-10,214
ITM0030,LOC014,2026-11,545
ITM0030,LOC014,2026-12,455
ITM0030,LOC008,2026-01,54
ITM0030,LOC008,2026-02,427
ITM0030,LOC008,2026-03,229
ITM0030,LOC008,2026-04,116
ITM0030,LOC008,2026-05,381
ITM0030,LOC008,2026-06,152
ITM0030,LOC008,2026-07,261
ITM0030,LOC008,2026-08,311
ITM0030,LOC008,2026-09,259
ITM0030,LOC008,2026-10,179
ITM0030,LOC008,2026-11,25
ITM0030,LOC008,2026-12,279
ITM0031,LOC005,2026-01,230
ITM0031,LOC005,2026-02,273
ITM0031,LOC005,2026-03,407
ITM0031,LOC005,2026-04,479
ITM0031,LOC005,2026-05,308
ITM0031,LOC005,2026-06,392
ITM0031,LOC005,2026-07,370
ITM0031,LOC005,2026-08,283
ITM0031,LOC005,2026-09,269
ITM0031,LOC005,2026-10,343
ITM0031,LOC005,2026-11,257
ITM0031,LOC005,2026-12,250
ITM0031,LOC016,2026-01,245
ITM0031,LOC016,2026-02,172
ITM0031,LOC016,2026-03,113
ITM0031,LOC016,2026-04,320
ITM0031,LOC016,2026-05,483
ITM0031,LOC016,2026-06,306
ITM0031,LOC016,2026-07,415
ITM0031,LOC016,2026-08,427
ITM0031,LOC016,2026-09,279
ITM0031,LOC016,2026-10,239
ITM0031,LOC016,2026-11,258
ITM0031,LOC016,2026-12,145
ITM0031,LOC007,2026-01,309
ITM0031,LOC007,2026-02,468
ITM0031,LOC007,2026-03,393
ITM0031,LOC007,2026-04,385
ITM0031,LOC007,2026-05,468
ITM0031,LOC007,2026-06,234
ITM0031,LOC007,2026-07,488
ITM0031,LOC007,2026-08,576
ITM0031,LOC007,2026-09,365
ITM0031,LOC007,2026-10,196
ITM0031,LOC007,2026-11,349
ITM0031,LOC007,2026-12,476
ITM0031,LOC001,2026-01,438
ITM0031,LOC001,2026-02,310
ITM0031,LOC001,2026-03,545
ITM0031,LOC001,2026-04,368
ITM0031,LOC001,2026-05,280
ITM0031,LOC001,2026-06,354
ITM0031,LOC001,2026-07,188
ITM0031,LOC001,2026-08,587
ITM0031,LOC001,2026-09,368
ITM0031,LOC001,2026-10,410
ITM0031,LOC001,2026-11,210
ITM0031,LOC001,2026-12,258
ITM0031,LOC012,2026-01,265
ITM0031,LOC012,2026-02,287
ITM0031,LOC012,2026-03,0
ITM0031,LOC012,2026-04,365
ITM0031,LOC012,2026-05,101
ITM0031,LOC012,2026-06,318
ITM0031,LOC012,2026-07,203
ITM0031,LOC012,2026-08,471
ITM0031,LOC012,2026-09,284
ITM0031,LOC012,2026-10,472
ITM0031,LOC012,2026-11,433
ITM0031,LOC012,2026-12,262
ITM0031,LOC013,2026-01,322
ITM0031,LOC013,2026-02,196
ITM0031,LOC013,2026-03,266
ITM0031,LOC013,2026-04,340
ITM0031,LOC013,2026-05,262
ITM0031,LOC013,2026-06,461
ITM0031,LOC013,2026-07,277
ITM0031,LOC013,2026-08,115
ITM0031,LOC013,2026-09,272
ITM0031,LOC013,2026-10,260
ITM0031,LOC013,2026-11,299
ITM0031,LOC013,2026-12,272
ITM0032,LOC013,2026-01,48
ITM0032,LOC013,2026-02,259
ITM0032,LOC013,2026-03,276
ITM0032,LOC013,2026-04,249
ITM0032,LOC013,2026-05,279
ITM0032,LOC013,2026-06,198
ITM0032,LOC013,2026-07,212
ITM0032,LOC013,2026-08,221
ITM0032,LOC013,2026-09,232
ITM0032,LOC013,2026-10,210
ITM0032,LOC013,2026-11,308
ITM0032,LOC013,2026-12,364
ITM0032,LOC005,2026-01,500
ITM0032,LOC005,2026-02,189
ITM0032,LOC005,2026-03,299
ITM0032,LOC005,2026-04,341
ITM0032,LOC005,2026-05,468
ITM0032,LOC005,2026-06,434
ITM0032,LOC005,2026-07,750
ITM0032,LOC005,2026-08,56
ITM0032,LOC005,2026-09,268
ITM0032,LOC005,2026-10,322
ITM0032,LOC005,2026-11,326
ITM0032,LOC005,2026-12,423
ITM0032,LOC010,2026-01,252
ITM0032,LOC010,2026-02,0
ITM0032,LOC010,2026-03,165
ITM0032,LOC010,2026-04,198
ITM0032,LOC010,2026-05,354
ITM0032,LOC010,2026-06,367
ITM0032,LOC010,2026-07,410
ITM0032,LOC010,2026-08,430
ITM0032,LOC010,2026-09,28
ITM0032,LOC010,2026-10,493
ITM0032,LOC010,2026-11,381
ITM0032,LOC010,2026-12,189
ITM0032,LOC006,2026-01,322
ITM0032,LOC006,2026-02,413
ITM0032,LOC006,2026-03,461
ITM0032,LOC006,2026-04,332
ITM0032,LOC006,2026-05,371
ITM0032,LOC006,2026-06,175
ITM0032,LOC006,2026-07,328
ITM0032,LOC006,2026-08,336
ITM0032,LOC006,2026-09,477
ITM0032,LOC006,2026-10,364
ITM0032,LOC006,2026-11,333
ITM0032,LOC006,2026-12,272
ITM0032,LOC003,2026-01,599
ITM0032,LOC003,2026-02,316
ITM0032,LOC003,2026-03,386
ITM0032,LOC003,2026-04,472
ITM0032,LOC003,2026-05,292
ITM0032,LOC003,2026-06,307
ITM0032,LOC003,2026-07,360
ITM0032,LOC003,2026-08,130
ITM0032,LOC003,2026-09,176
ITM0032,LOC003,2026-10,244
ITM0032,LOC003,2026-11,160
ITM0032,LOC003,2026-12,261
ITM0032,LOC011,2026-01,166
ITM0032,LOC011,2026-02,364
ITM0032,LOC011,2026-03,251
ITM0032,LOC011,2026-04,250
ITM0032,LOC011,2026-05,166
ITM0032,LOC011,2026-06,395
ITM0032,LOC011,2026-07,490
ITM0032,LOC011,2026-08,407
ITM0032,LOC011,2026-09,281
ITM0032,LOC011,2026-10,193
ITM0032,LOC011,2026-11,215
ITM0032,LOC011,2026-12,170
ITM0033,LOC014,2026-01,266
ITM0033,LOC014,2026-02,404
ITM0033,LOC014,2026-03,321
ITM0033,LOC014,2026-04,281
ITM0033,LOC014,2026-05,367
ITM0033,LOC014,2026-06,467
ITM0033,LOC014,2026-07,252
ITM0033,LOC014,2026-08,316
ITM0033,LOC014,2026-09,238
ITM0033,LOC014,2026-10,202
ITM0033,LOC014,2026-11,191
ITM0033,LOC014,2026-12,239
ITM0033,LOC012,2026-01,147
ITM0033,LOC012,2026-02,271
ITM0033,LOC012,2026-03,252
ITM0033,LOC012,2026-04,335
ITM0033,LOC012,2026-05,406
ITM0033,LOC012,2026-06,528
ITM0033,LOC012,2026-07,244
ITM0033,LOC012,2026-08,282
ITM0033,LOC012,2026-09,359
ITM0033,LOC012,2026-10,230
ITM0033,LOC012,2026-11,422
ITM0033,LOC012,2026-12,382
ITM0033,LOC016,2026-01,298
ITM0033,LOC016,2026-02,439
ITM0033,LOC016,2026-03,218
ITM0033,LOC016,2026-04,271
ITM0033,LOC016,2026-05,247
ITM0033,LOC016,2026-06,274
ITM0033,LOC016,2026-07,140
ITM0033,LOC016,2026-08,286
ITM0033,LOC016,2026-09,407
ITM0033,LOC016,2026-10,359
ITM0033,LOC016,2026-11,415
ITM0033,LOC016,2026-12,357
ITM0033,LOC011,2026-01,399
ITM0033,LOC011,2026-02,185
ITM0033,LOC011,2026-03,255
ITM0033,LOC011,2026-04,103
ITM0033,LOC011,2026-05,575
ITM0033,LOC011,2026-06,541
ITM0033,LOC011,2026-07,290
ITM0033,LOC011,2026-08,245
ITM0033,LOC011,2026-09,357
ITM0033,LOC011,2026-10,195
ITM0033,LOC011,2026-11,444
ITM0033,LOC011,2026-12,567
ITM0033,LOC015,2026-01,108
ITM0033,LOC015,2026-02,220
ITM0033,LOC015,2026-03,435
ITM0033,LOC015,2026-04,457
ITM0033,LOC015,2026-05,382
ITM0033,LOC015,2026-06,331
ITM0033,LOC015,2026-07,285
ITM0033,LOC015,2026-08,315
ITM0033,LOC015,2026-09,231
ITM0033,LOC015,2026-10,253
ITM0033,LOC015,2026-11,241
ITM0033,LOC015,2026-12,478
ITM0033,LOC003,2026-01,75
ITM0033,LOC003,2026-02,412
ITM0033,LOC003,2026-03,123
ITM0033,LOC003,2026-04,132
ITM0033,LOC003,2026-05,52
ITM0033,LOC003,2026-06,196
ITM0033,LOC003,2026-07,350
ITM0033,LOC003,2026-08,247
ITM0033,LOC003,2026-09,296
ITM0033,LOC003,2026-10,190
ITM0033,LOC003,2026-11,315
ITM0033,LOC003,2026-12,119
ITM0034,LOC009,2026-01,188
ITM0034,LOC009,2026-02,282
ITM0034,LOC009,2026-03,79
ITM0034,LOC009,2026-04,315
ITM0034,LOC009,2026-05,231
ITM0034,LOC009,2026-06,389
ITM0034,LOC009,2026-07,223
ITM0034,LOC009,2026-08,444
ITM0034,LOC009,2026-09,557
ITM0034,LOC009,2026-10,356
ITM0034,LOC009,2026-11,305
ITM0034,LOC009,2026-12,412
ITM0034,LOC004,2026-01,291
ITM0034,LOC004,2026-02,276
ITM0034,LOC004,2026-03,428
ITM0034,LOC004,2026-04,290
ITM0034,LOC004,2026-05,335
ITM0034,LOC004,2026-06,165
ITM0034,LOC004,2026-07,383
ITM0034,LOC004,2026-08,341
ITM0034,LOC004,2026-09,462
ITM0034,LOC004,2026-10,524
ITM0034,LOC004,2026-11,425
ITM0034,LOC004,2026-12,172
ITM0034,LOC008,2026-01,382
ITM0034,LOC008,2026-02,163
ITM0034,LOC008,2026-03,299
ITM0034,LOC008,2026-04,712
ITM0034,LOC008,2026-05,306
ITM0034,LOC008,2026-06,205
ITM0034,LOC008,2026-07,274
ITM0034,LOC008,2026-08,309
ITM0034,LOC008,2026-09,438
ITM0034,LOC008,2026-10,295
ITM0034,LOC008,2026-11,269
ITM0034,LOC008,2026-12,303
ITM0034,LOC006,2026-01,324
ITM0034,LOC006,2026-02,259
ITM0034,LOC006,2026-03,174
ITM0034,LOC006,2026-04,181
ITM0034,LOC006,2026-05,113
ITM0034,LOC006,2026-06,164
ITM0034,LOC006,2026-07,480
ITM0034,LOC006,2026-08,262
ITM0034,LOC006,2026-09,217
ITM0034,LOC006,2026-10,327
ITM0034,LOC006,2026-11,439
ITM0034,LOC006,2026-12,262
ITM0034,LOC018,2026-01,205
ITM0034,LOC018,2026-02,412
ITM0034,LOC018,2026-03,276
ITM0034,LOC018,2026-04,358
ITM0034,LOC018,2026-05,241
ITM0034,LOC018,2026-06,241
ITM0034,LOC018,2026-07,381
ITM0034,LOC018,2026-08,124
ITM0034,LOC018,2026-09,233
ITM0034,LOC018,2026-10,417
ITM0034,LOC018,2026-11,396
ITM0034,LOC018,2026-12,260
ITM0034,LOC012,2026-01,229
ITM0034,LOC012,2026-02,418
ITM0034,LOC012,2026-03,313
ITM0034,LOC012,2026-04,389
ITM0034,LOC012,2026-05,417
ITM0034,LOC012,2026-06,184
ITM0034,LOC012,2026-07,168
ITM0034,LOC012,2026-08,158
ITM0034,LOC012,2026-09,373
ITM0034,LOC012,2026-10,392
ITM0034,LOC012,2026-11,640
ITM0034,LOC012,2026-12,443
ITM0035,LOC012,2026-01,343
ITM0035,LOC012,2026-02,269
ITM0035,LOC012,2026-03,339
ITM0035,LOC012,2026-04,420
ITM0035,LOC012,2026-05,250
ITM0035,LOC012,2026-06,276
ITM0035,LOC012,2026-07,355
ITM0035,LOC012,2026-08,94
ITM0035,LOC012,2026-09,316
ITM0035,LOC012,2026-10,513
ITM0035,LOC012,2026-11,329
ITM0035,LOC012,2026-12,335
ITM0035,LOC017,2026-01,406
ITM0035,LOC017,2026-02,274
ITM0035,LOC017,2026-03,147
ITM0035,LOC017,2026-04,478
ITM0035,LOC017,2026-05,307
ITM0035,LOC017,2026-06,543
ITM0035,LOC017,2026-07,276
ITM0035,LOC017,2026-08,194
ITM0035,LOC017,2026-09,249
ITM0035,LOC017,2026-10,128
ITM0035,LOC017,2026-11,456
ITM0035,LOC017,2026-12,160
ITM0035,LOC005,2026-01,45
ITM0035,LOC005,2026-02,294
ITM0035,LOC005,2026-03,447
ITM0035,LOC005,2026-04,0
ITM0035,LOC005,2026-05,347
ITM0035,LOC005,2026-06,366
ITM0035,LOC005,2026-07,437
ITM0035,LOC005,2026-08,184
ITM0035,LOC005,2026-09,200
ITM0035,LOC005,2026-10,367
ITM0035,LOC005,2026-11,338
ITM0035,LOC005,2026-12,26
ITM0035,LOC018,2026-01,242
ITM0035,LOC018,2026-02,265
ITM0035,LOC018,2026-03,282
ITM0035,LOC018,2026-04,210
ITM0035,LOC018,2026-05,141
ITM0035,LOC018,2026-06,223
ITM0035,LOC018,2026-07,345
ITM0035,LOC018,2026-08,290
ITM0035,LOC018,2026-09,400
ITM0035,LOC018,2026-10,553
ITM0035,LOC018,2026-11,211
ITM0035,LOC018,2026-12,248
ITM0035,LOC001,2026-01,218
ITM0035,LOC001,2026-02,407
ITM0035,LOC001,2026-03,480
ITM0035,LOC001,2026-04,266
ITM0035,LOC001,2026-05,251
ITM0035,LOC001,2026-06,33
ITM0035,LOC001,2026-07,355
ITM0035,LOC001,2026-08,210
ITM0035,LOC001,2026-09,416
ITM0035,LOC001,2026-10,528
ITM0035,LOC001,2026-11,106
ITM0035,LOC001,2026-12,241
ITM0035,LOC009,2026-01,238
ITM0035,LOC009,2026-02,237
ITM0035,LOC009,2026-03,337
ITM0035,LOC009,2026-04,304
ITM0035,LOC009,2026-05,59
ITM0035,LOC009,2026-06,381
ITM0035,LOC009,2026-07,271
ITM0035,LOC009,2026-08,438
ITM0035,LOC009,2026-09,372
ITM0035,LOC009,2026-10,352
ITM0035,LOC009,2026-11,359
ITM0035,LOC009,2026-12,322
ITM0036,LOC002,2026-01,264
ITM0036,LOC002,2026-02,354
ITM0036,LOC002,2026-03,356
ITM0036,LOC002,2026-04,437
ITM0036,LOC002,2026-05,421
ITM0036,LOC002,2026-06,179
ITM0036,LOC002,2026-07,373
ITM0036,LOC002,2026-08,261
ITM0036,LOC002,2026-09,207
ITM0036,LOC002,2026-10,476
ITM0036,LOC002,2026-11,227
ITM0036,LOC002,2026-12,201
ITM0036,LOC003,2026-01,252
ITM0036,LOC003,2026-02,201
ITM0036,LOC003,2026-03,416
ITM0036,LOC003,2026-04,343
ITM0036,LOC003,2026-05,461
ITM0036,LOC003,2026-06,347
ITM0036,LOC003,2026-07,229
ITM0036,LOC003,2026-08,420
ITM0036,LOC003,2026-09,224
ITM0036,LOC003,2026-10,246
ITM0036,LOC003,2026-11,280
ITM0036,LOC003,2026-12,304
ITM0036,LOC017,2026-01,437
ITM0036,LOC017,2026-02,230
ITM0036,LOC017,2026-03,340
ITM0036,LOC017,2026-04,296
ITM0036,LOC017,2026-05,154
ITM0036,LOC017,2026-06,173
ITM0036,LOC017,2026-07,274
ITM0036,LOC017,2026-08,346
ITM0036,LOC017,2026-09,337
ITM0036,LOC017,2026-10,355
ITM0036,LOC017,2026-11,305
ITM0036,LOC017,2026-12,248
ITM0036,LOC013,2026-01,349
ITM0036,LOC013,2026-02,184
ITM0036,LOC013,2026-03,144
ITM0036,LOC013,2026-04,261
ITM0036,LOC013,2026-05,134
ITM0036,LOC013,2026-06,240
ITM0036,LOC013,2026-07,213
ITM0036,LOC013,2026-08,235
ITM0036,LOC013,2026-09,294
ITM0036,LOC013,2026-10,207
ITM0036,LOC013,2026-11,251
ITM0036,LOC013,2026-12,102
ITM0036,LOC014,2026-01,316
ITM0036,LOC014,2026-02,198
ITM0036,LOC014,2026-03,346
ITM0036,LOC014,2026-04,0
ITM0036,LOC014,2026-05,207
ITM0036,LOC014,2026-06,328
ITM0036,LOC014,2026-07,17
ITM0036,LOC014,2026-08,258
ITM0036,LOC014,2026-09,310
ITM0036,LOC014,2026-10,311
ITM0036,LOC014,2026-11,126
ITM0036,LOC014,2026-12,326
ITM0036,LOC010,2026-01,317
ITM0036,LOC010,2026-02,187
ITM0036,LOC010,2026-03,386
ITM0036,LOC010,2026-04,294
ITM0036,LOC010,2026-05,302
ITM0036,LOC010,2026-06,247
ITM0036,LOC010,2026-07,363
ITM0036,LOC010,2026-08,311
ITM0036,LOC010,2026-09,431
ITM0036,LOC010,2026-10,352
ITM0036,LOC010,2026-11,228
ITM0036,LOC010,2026-12,274
ITM0037,LOC012,2026-01,315
ITM0037,LOC012,2026-02,324
ITM0037,LOC012,2026-03,315
ITM0037,LOC012,2026-04,211
ITM0037,LOC012,2026-05,440
ITM0037,LOC012,2026-06,284
ITM0037,LOC012,2026-07,227
ITM0037,LOC012,2026-08,216
ITM0037,LOC012,2026-09,341
ITM0037,LOC012,2026-10,173
ITM0037,LOC012,2026-11,183
ITM0037,LOC012,2026-12,532
ITM0037,LOC005,2026-01,452
ITM0037,LOC005,2026-02,422
ITM0037,LOC005,2026-03,458
ITM0037,LOC005,2026-04,369
ITM0037,LOC005,2026-05,104
ITM0037,LOC005,2026-06,438
ITM0037,LOC005,2026-07,443
ITM0037,LOC005,2026-08,356
ITM0037,LOC005,2026-09,72
ITM0037,LOC005,2026-10,444
ITM0037,LOC005,2026-11,458
ITM0037,LOC005,2026-12,242
ITM0037,LOC006,2026-01,314
ITM0037,LOC006,2026-02,390
ITM0037,LOC006,2026-03,290
ITM0037,LOC006,2026-04,427
ITM0037,LOC006,2026-05,309
ITM0037,LOC006,2026-06,380
ITM0037,LOC006,2026-07,309
ITM0037,LOC006,2026-08,128
ITM0037,LOC006,2026-09,184
ITM0037,LOC006,2026-10,668
ITM0037,LOC006,2026-11,332
ITM0037,LOC006,2026-12,452
ITM0037,LOC014,2026-01,432
ITM0037,LOC014,2026-02,499
ITM0037,LOC014,2026-03,364
ITM0037,LOC014,2026-04,230
ITM0037,LOC014,2026-05,302
ITM0037,LOC014,2026-06,76
ITM0037,LOC014,2026-07,278
ITM0037,LOC014,2026-08,405
ITM0037,LOC014,2026-09,48
ITM0037,LOC014,2026-10,322
ITM0037,LOC014,2026-11,395
ITM0037,LOC014,2026-12,454
ITM0037,LOC018,2026-01,192
ITM0037,LOC018,2026-02,224
ITM0037,LOC018,2026-03,81
ITM0037,LOC018,2026-04,181
ITM0037,LOC018,2026-05,362
ITM0037,LOC018,2026-06,540
ITM0037,LOC018,2026-07,166
ITM0037,LOC018,2026-08,460
ITM0037,LOC018,2026-09,349
ITM0037,LOC018,2026-10,242
ITM0037,LOC018,2026-11,555
ITM0037,LOC018,2026-12,6
ITM0037,LOC013,2026-01,292
ITM0037,LOC013,2026-02,325
ITM0037,LOC013,2026-03,548
ITM0037,LOC013,2026-04,509
ITM0037,LOC013,2026-05,563
ITM0037,LOC013,2026-06,315
ITM0037,LOC013,2026-07,414
ITM0037,LOC013,2026-08,459
ITM0037,LOC013,2026-09,359
ITM0037,LOC013,2026-10,341
ITM0037,LOC013,2026-11,278
ITM0037,LOC013,2026-12,252
ITM0038,LOC011,2026-01,320
ITM0038,LOC011,2026-02,511
ITM0038,LOC011,2026-03,287
ITM0038,LOC011,2026-04,269
ITM0038,LOC011,2026-05,212
ITM0038,LOC011,2026-06,297
ITM0038,LOC011,2026-07,248
ITM0038,LOC011,2026-08,323
ITM0038,LOC011,2026-09,664
ITM0038,LOC011,2026-10,345
ITM0038,LOC011,2026-11,200
ITM0038,LOC011,2026-12,525
ITM0038,LOC013,2026-01,400
ITM0038,LOC013,2026-02,395
ITM0038,LOC013,2026-03,383
ITM0038,LOC013,2026-04,395
ITM0038,LOC013,2026-05,378
ITM0038,LOC013,2026-06,464
ITM0038,LOC013,2026-07,417
ITM0038,LOC013,2026-08,457
ITM0038,LOC013,2026-09,241
ITM0038,LOC013,2026-10,299
ITM0038,LOC013,2026-11,214
ITM0038,LOC013,2026-12,411
ITM0038,LOC018,2026-01,397
ITM0038,LOC018,2026-02,245
ITM0038,LOC018,2026-03,368
ITM0038,LOC018,2026-04,606
ITM0038,LOC018,2026-05,444
ITM0038,LOC018,2026-06,169
ITM0038,LOC018,2026-07,289
ITM0038,LOC018,2026-08,374
ITM0038,LOC018,2026-09,295
ITM0038,LOC018,2026-10,345
ITM0038,LOC018,2026-11,437
ITM0038,LOC018,2026-12,338
ITM0038,LOC015,2026-01,171
ITM0038,LOC015,2026-02,383
ITM0038,LOC015,2026-03,288
ITM0038,LOC015,2026-04,313
ITM0038,LOC015,2026-05,233
ITM0038,LOC015,2026-06,138
ITM0038,LOC015,2026-07,154
ITM0038,LOC015,2026-08,258
ITM0038,LOC015,2026-09,175
ITM0038,LOC015,2026-10,0
ITM0038,LOC015,2026-11,434
ITM0038,LOC015,2026-12,164
ITM0038,LOC001,2026-01,215
ITM0038,LOC001,2026-02,362
ITM0038,LOC001,2026-03,18
ITM0038,LOC001,2026-04,456
ITM0038,LOC001,2026-05,210
ITM0038,LOC001,2026-06,377
ITM0038,LOC001,2026-07,243
ITM0038,LOC001,2026-08,335
ITM0038,LOC001,2026-09,312
ITM0038,LOC001,2026-10,299
ITM0038,LOC001,2026-11,86
ITM0038,LOC001,2026-12,128
ITM0038,LOC010,2026-01,295
ITM0038,LOC010,2026-02,464
ITM0038,LOC010,2026-03,236
ITM0038,LOC010,2026-04,362
ITM0038,LOC010,2026-05,318
ITM0038,LOC010,2026-06,356
ITM0038,LOC010,2026-07,415
ITM0038,LOC010,2026-08,124
ITM0038,LOC010,2026-09,332
ITM0038,LOC010,2026-10,279
ITM0038,LOC010,2026-11,263
ITM0038,LOC010,2026-12,200
ITM0039,LOC015,2026-01,294
ITM0039,LOC015,2026-02,64
ITM0039,LOC015,2026-03,139
ITM0039,LOC015,2026-04,289
ITM0039,LOC015,2026-05,387
ITM0039,LOC015,2026-06,297
ITM0039,LOC015,2026-07,164
ITM0039,LOC015,2026-08,156
ITM0039,LOC015,2026-09,162
ITM0039,LOC015,2026-10,430
ITM0039,LOC015,2026-11,184
ITM0039,LOC015,2026-12,390
ITM0039,LOC011,2026-01,163
ITM0039,LOC011,2026-02,182
ITM0039,LOC011,2026-03,226
ITM0039,LOC011,2026-04,451
ITM0039,LOC011,2026-05,217
ITM0039,LOC011,2026-06,277
ITM0039,LOC011,2026-07,228
ITM0039,LOC011,2026-08,238
ITM0039,LOC011,2026-09,414
ITM0039,LOC011,2026-10,226
ITM0039,LOC011,2026-11,274
ITM0039,LOC011,2026-12,156
ITM0039,LOC018,2026-01,216
ITM0039,LOC018,2026-02,312
ITM0039,LOC018,2026-03,472
ITM0039,LOC018,2026-04,514
ITM0039,LOC018,2026-05,156
ITM0039,LOC018,2026-06,273
ITM0039,LOC018,2026-07,83
ITM0039,LOC018,2026-08,262
ITM0039,LOC018,2026-09,305
ITM0039,LOC018,2026-10,373
ITM0039,LOC018,2026-11,358
ITM0039,LOC018,2026-12,180
ITM0039,LOC010,2026-01,157
ITM0039,LOC010,2026-02,126
ITM0039,LOC010,2026-03,489
ITM0039,LOC010,2026-04,150
ITM0039,LOC010,2026-05,413
ITM0039,LOC010,2026-06,331
ITM0039,LOC010,2026-07,409
ITM0039,LOC010,2026-08,107
ITM0039,LOC010,2026-09,349
ITM0039,LOC010,2026-10,348
ITM0039,LOC010,2026-11,299
ITM0039,LOC010,2026-12,355
ITM0039,LOC001,2026-01,165
ITM0039,LOC001,2026-02,469
ITM0039,LOC001,2026-03,169
ITM0039,LOC001,2026-04,282
ITM0039,LOC001,2026-05,402
ITM0039,LOC001,2026-06,363
ITM0039,LOC001,2026-07,484
ITM0039,LOC001,2026-08,296
ITM0039,LOC001,2026-09,169
ITM0039,LOC001,2026-10,342
ITM0039,LOC001,2026-11,360
ITM0039,LOC001,2026-12,106
ITM0039,LOC008,2026-01,406
ITM0039,LOC008,2026-02,446
ITM0039,LOC008,2026-03,202
ITM0039,LOC008,2026-04,407
ITM0039,LOC008,2026-05,308
ITM0039,LOC008,2026-06,415
ITM0039,LOC008,2026-07,236
ITM0039,LOC008,2026-08,399
ITM0039,LOC008,2026-09,379
ITM0039,LOC008,2026-10,308
ITM0039,LOC008,2026-11,262
ITM0039,LOC008,2026-12,282
ITM0040,LOC006,2026-01,311
ITM0040,LOC006,2026-02,527
ITM0040,LOC006,2026-03,443
ITM0040,LOC006,2026-04,392
ITM0040,LOC006,2026-05,350
ITM0040,LOC006,2026-06,237
ITM0040,LOC006,2026-07,111
ITM0040,LOC006,2026-08,398
ITM0040,LOC006,2026-09,214
ITM0040,LOC006,2026-10,221
ITM0040,LOC006,2026-11,424
ITM0040,LOC006,2026-12,335
ITM0040,LOC010,2026-01,172
ITM0040,LOC010,2026-02,440
ITM0040,LOC010,2026-03,265
ITM0040,LOC010,2026-04,417
ITM0040,LOC010,2026-05,169
ITM0040,LOC010,2026-06,124
ITM0040,LOC010,2026-07,229
ITM0040,LOC010,2026-08,394
ITM0040,LOC010,2026-09,59
ITM0040,LOC010,2026-10,170
ITM0040,LOC010,2026-11,414
ITM0040,LOC010,2026-12,598
ITM0040,LOC009,2026-01,272
ITM0040,LOC009,2026-02,187
ITM0040,LOC009,2026-03,245
ITM0040,LOC009,2026-04,207
ITM0040,LOC009,2026-05,481
ITM0040,LOC009,2026-06,386
ITM0040,LOC009,2026-07,193
ITM0040,LOC009,2026-08,400
ITM0040,LOC009,2026-09,41
ITM0040,LOC009,2026-10,305
ITM0040,LOC009,2026-11,301
ITM0040,LOC009,2026-12,272
ITM0040,LOC015,2026-01,188
ITM0040,LOC015,2026-02,226
ITM0040,LOC015,2026-03,76
ITM0040,LOC015,2026-04,354
ITM0040,LOC015,2026-05,183
ITM0040,LOC015,2026-06,369
ITM0040,LOC015,2026-07,399
ITM0040,LOC015,2026-08,217
ITM0040,LOC015,2026-09,156
ITM0040,LOC015,2026-10,307
ITM0040,LOC015,2026-11,380
ITM0040,LOC015,2026-12,140
ITM0040,LOC018,2026-01,292
ITM0040,LOC018,2026-02,178
ITM0040,LOC018,2026-03,475
ITM0040,LOC018,2026-04,345
ITM0040,LOC018,2026-05,106
ITM0040,LOC018,2026-06,231
ITM0040,LOC018,2026-07,307
ITM0040,LOC018,2026-08,240
ITM0040,LOC018,2026-09,308
ITM0040,LOC018,2026-10,347
ITM0040,LOC018,2026-11,322
ITM0040,LOC018,2026-12,249
ITM0040,LOC005,2026-01,470
ITM0040,LOC005,2026-02,405
ITM0040,LOC005,2026-03,262
ITM0040,LOC005,2026-04,284
ITM0040,LOC005,2026-05,220
ITM0040,LOC005,2026-06,128
ITM0040,LOC005,2026-07,259
ITM0040,LOC005,2026-08,304
ITM0040,LOC005,2026-09,254
ITM0040,LOC005,2026-10,183
ITM0040,LOC005,2026-11,0
ITM0040,LOC005,2026-12,86
ITM9999,LOC001,2026-01,50
ITM0001,LOC999,2026-01,50
ITM0002,LOC002,2026-03,-25
